<?xml version="1.0" encoding="UTF-8" ?>
<!-- This is a WordPress eXtended RSS file generated by WordPress as an export of your site. -->
<!-- It contains information about your site's posts, pages, comments, categories, and other content. -->
<!-- You may use this file to transfer that content from one site to another. -->
<!-- This file is not intended to serve as a complete backup of your site. -->

<!-- To import this information into a WordPress site follow these steps: -->
<!-- 1. Log in to that site as an administrator. -->
<!-- 2. Go to Tools: Import in the WordPress admin panel. -->
<!-- 3. Install the "WordPress" importer from the list. -->
<!-- 4. Activate & Run Importer. -->
<!-- 5. Upload this file using the form provided on that page. -->
<!-- 6. You will first be asked to map the authors in this export file to users -->
<!--    on the site. For each author, you may choose to map to an -->
<!--    existing user on the site or to create a new user. -->
<!-- 7. WordPress will then import each of the posts, pages, comments, categories, etc. -->
<!--    contained in this file into your site. -->

<!-- generator="WordPress/3.7.1" created="2014-01-28 20:47" -->
<rss version="2.0"
	xmlns:excerpt="http://wordpress.org/export/1.2/excerpt/"
	xmlns:content="http://purl.org/rss/1.0/modules/content/"
	xmlns:wfw="http://wellformedweb.org/CommentAPI/"
	xmlns:dc="http://purl.org/dc/elements/1.1/"
	xmlns:wp="http://wordpress.org/export/1.2/"
>

<channel>
	<title>Elision</title>
	<link>http://demo.qodeinteractive.com/elision</link>
	<description>Responsive Multi-Purpose WordPress Theme</description>
	<pubDate>Tue, 28 Jan 2014 20:47:02 +0000</pubDate>
	<language>en-US</language>
	<wp:wxr_version>1.2</wp:wxr_version>
	<wp:base_site_url>http://demo.qodeinteractive.com/elision</wp:base_site_url>
	<wp:base_blog_url>http://demo.qodeinteractive.com/elision</wp:base_blog_url>

	<wp:author><wp:author_id>1</wp:author_id><wp:author_login>admin</wp:author_login><wp:author_email>support@qodeinteractive.com</wp:author_email><wp:author_display_name><![CDATA[admin]]></wp:author_display_name><wp:author_first_name><![CDATA[Qode]]></wp:author_first_name><wp:author_last_name><![CDATA[Interactive]]></wp:author_last_name></wp:author>

	<wp:category><wp:term_id>17</wp:term_id><wp:category_nicename>art</wp:category_nicename><wp:category_parent></wp:category_parent><wp:cat_name><![CDATA[Art]]></wp:cat_name></wp:category>
	<wp:category><wp:term_id>2</wp:term_id><wp:category_nicename>business</wp:category_nicename><wp:category_parent></wp:category_parent><wp:cat_name><![CDATA[Business]]></wp:cat_name></wp:category>
	<wp:category><wp:term_id>39</wp:term_id><wp:category_nicename>design</wp:category_nicename><wp:category_parent></wp:category_parent><wp:cat_name><![CDATA[Design]]></wp:cat_name></wp:category>
	<wp:category><wp:term_id>40</wp:term_id><wp:category_nicename>music</wp:category_nicename><wp:category_parent></wp:category_parent><wp:cat_name><![CDATA[Music]]></wp:cat_name></wp:category>
	<wp:category><wp:term_id>5</wp:term_id><wp:category_nicename>photography</wp:category_nicename><wp:category_parent></wp:category_parent><wp:cat_name><![CDATA[Photography]]></wp:cat_name></wp:category>
	<wp:category><wp:term_id>10</wp:term_id><wp:category_nicename>sport</wp:category_nicename><wp:category_parent></wp:category_parent><wp:cat_name><![CDATA[Sport]]></wp:cat_name></wp:category>
	<wp:category><wp:term_id>1</wp:term_id><wp:category_nicename>uncategorized</wp:category_nicename><wp:category_parent></wp:category_parent><wp:cat_name><![CDATA[Uncategorized]]></wp:cat_name></wp:category>
	<wp:tag><wp:term_id>14</wp:term_id><wp:tag_slug>audio</wp:tag_slug><wp:tag_name><![CDATA[Audio]]></wp:tag_name></wp:tag>
	<wp:tag><wp:term_id>2</wp:term_id><wp:tag_slug>business</wp:tag_slug><wp:tag_name><![CDATA[Business]]></wp:tag_name></wp:tag>
	<wp:tag><wp:term_id>16</wp:term_id><wp:tag_slug>development</wp:tag_slug><wp:tag_name><![CDATA[Development]]></wp:tag_name></wp:tag>
	<wp:tag><wp:term_id>7</wp:term_id><wp:tag_slug>opportunities</wp:tag_slug><wp:tag_name><![CDATA[Opportunities]]></wp:tag_name></wp:tag>
	<wp:tag><wp:term_id>10</wp:term_id><wp:tag_slug>sport</wp:tag_slug><wp:tag_name><![CDATA[Sport]]></wp:tag_name></wp:tag>
	<wp:tag><wp:term_id>4</wp:term_id><wp:tag_slug>stress</wp:tag_slug><wp:tag_name><![CDATA[Stress]]></wp:tag_name></wp:tag>
	<wp:tag><wp:term_id>15</wp:term_id><wp:tag_slug>swimming</wp:tag_slug><wp:tag_name><![CDATA[Swimming]]></wp:tag_name></wp:tag>
	<wp:tag><wp:term_id>13</wp:term_id><wp:tag_slug>video</wp:tag_slug><wp:tag_name><![CDATA[Video]]></wp:tag_name></wp:tag>
	<wp:tag><wp:term_id>9</wp:term_id><wp:tag_slug>web-design</wp:tag_slug><wp:tag_name><![CDATA[Web Design]]></wp:tag_name></wp:tag>
	<wp:term><wp:term_id>44</wp:term_id><wp:term_taxonomy>carousels_category</wp:term_taxonomy><wp:term_slug>about-long-carousel</wp:term_slug><wp:term_parent></wp:term_parent><wp:term_name><![CDATA[About Us Long Carousel]]></wp:term_name></wp:term>
	<wp:term><wp:term_id>45</wp:term_id><wp:term_taxonomy>slides_category</wp:term_taxonomy><wp:term_slug>about-us-slider</wp:term_slug><wp:term_parent></wp:term_parent><wp:term_name><![CDATA[About Us Slider]]></wp:term_name></wp:term>
	<wp:term><wp:term_id>52</wp:term_id><wp:term_taxonomy>product_tag</wp:term_taxonomy><wp:term_slug>accessories-2</wp:term_slug><wp:term_parent></wp:term_parent><wp:term_name><![CDATA[accessories]]></wp:term_name></wp:term>
	<wp:term><wp:term_id>17</wp:term_id><wp:term_taxonomy>portfolio_category</wp:term_taxonomy><wp:term_slug>art</wp:term_slug><wp:term_parent></wp:term_parent><wp:term_name><![CDATA[Art]]></wp:term_name></wp:term>
	<wp:term><wp:term_id>70</wp:term_id><wp:term_taxonomy>product_tag</wp:term_taxonomy><wp:term_slug>bags</wp:term_slug><wp:term_parent></wp:term_parent><wp:term_name><![CDATA[bags]]></wp:term_name></wp:term>
	<wp:term><wp:term_id>54</wp:term_id><wp:term_taxonomy>product_tag</wp:term_taxonomy><wp:term_slug>beauty-2</wp:term_slug><wp:term_parent></wp:term_parent><wp:term_name><![CDATA[beauty]]></wp:term_name></wp:term>
	<wp:term><wp:term_id>68</wp:term_id><wp:term_taxonomy>product_tag</wp:term_taxonomy><wp:term_slug>boots</wp:term_slug><wp:term_parent></wp:term_parent><wp:term_name><![CDATA[boots]]></wp:term_name></wp:term>
	<wp:term><wp:term_id>62</wp:term_id><wp:term_taxonomy>product_tag</wp:term_taxonomy><wp:term_slug>brightening</wp:term_slug><wp:term_parent></wp:term_parent><wp:term_name><![CDATA[brightening]]></wp:term_name></wp:term>
	<wp:term><wp:term_id>2</wp:term_id><wp:term_taxonomy>portfolio_category</wp:term_taxonomy><wp:term_slug>business</wp:term_slug><wp:term_parent></wp:term_parent><wp:term_name><![CDATA[Business]]></wp:term_name></wp:term>
	<wp:term><wp:term_id>30</wp:term_id><wp:term_taxonomy>shop_order_status</wp:term_taxonomy><wp:term_slug>cancelled</wp:term_slug><wp:term_parent></wp:term_parent><wp:term_name><![CDATA[cancelled]]></wp:term_name></wp:term>
	<wp:term><wp:term_id>60</wp:term_id><wp:term_taxonomy>product_tag</wp:term_taxonomy><wp:term_slug>casual-shoes</wp:term_slug><wp:term_parent></wp:term_parent><wp:term_name><![CDATA[casual shoes]]></wp:term_name></wp:term>
	<wp:term><wp:term_id>47</wp:term_id><wp:term_taxonomy>carousels_category</wp:term_taxonomy><wp:term_slug>clients-clean</wp:term_slug><wp:term_parent></wp:term_parent><wp:term_name><![CDATA[Clients Clean]]></wp:term_name></wp:term>
	<wp:term><wp:term_id>53</wp:term_id><wp:term_taxonomy>product_tag</wp:term_taxonomy><wp:term_slug>clothing-2</wp:term_slug><wp:term_parent></wp:term_parent><wp:term_name><![CDATA[clothing]]></wp:term_name></wp:term>
	<wp:term><wp:term_id>63</wp:term_id><wp:term_taxonomy>product_tag</wp:term_taxonomy><wp:term_slug>coat</wp:term_slug><wp:term_parent></wp:term_parent><wp:term_name><![CDATA[coat]]></wp:term_name></wp:term>
	<wp:term><wp:term_id>28</wp:term_id><wp:term_taxonomy>shop_order_status</wp:term_taxonomy><wp:term_slug>completed</wp:term_slug><wp:term_parent></wp:term_parent><wp:term_name><![CDATA[completed]]></wp:term_name></wp:term>
	<wp:term><wp:term_id>67</wp:term_id><wp:term_taxonomy>product_tag</wp:term_taxonomy><wp:term_slug>designer</wp:term_slug><wp:term_parent></wp:term_parent><wp:term_name><![CDATA[designer]]></wp:term_name></wp:term>
	<wp:term><wp:term_id>66</wp:term_id><wp:term_taxonomy>product_tag</wp:term_taxonomy><wp:term_slug>dress</wp:term_slug><wp:term_parent></wp:term_parent><wp:term_name><![CDATA[dress]]></wp:term_name></wp:term>
	<wp:term><wp:term_id>23</wp:term_id><wp:term_taxonomy>product_type</wp:term_taxonomy><wp:term_slug>external</wp:term_slug><wp:term_parent></wp:term_parent><wp:term_name><![CDATA[external]]></wp:term_name></wp:term>
	<wp:term><wp:term_id>55</wp:term_id><wp:term_taxonomy>product_tag</wp:term_taxonomy><wp:term_slug>eye-care</wp:term_slug><wp:term_parent></wp:term_parent><wp:term_name><![CDATA[eye care]]></wp:term_name></wp:term>
	<wp:term><wp:term_id>25</wp:term_id><wp:term_taxonomy>shop_order_status</wp:term_taxonomy><wp:term_slug>failed</wp:term_slug><wp:term_parent></wp:term_parent><wp:term_name><![CDATA[failed]]></wp:term_name></wp:term>
	<wp:term><wp:term_id>59</wp:term_id><wp:term_taxonomy>product_tag</wp:term_taxonomy><wp:term_slug>glass-set</wp:term_slug><wp:term_parent></wp:term_parent><wp:term_name><![CDATA[glass set]]></wp:term_name></wp:term>
	<wp:term><wp:term_id>21</wp:term_id><wp:term_taxonomy>product_type</wp:term_taxonomy><wp:term_slug>grouped</wp:term_slug><wp:term_parent></wp:term_parent><wp:term_name><![CDATA[grouped]]></wp:term_name></wp:term>
	<wp:term><wp:term_id>42</wp:term_id><wp:term_taxonomy>carousels_category</wp:term_taxonomy><wp:term_slug>home-carousel</wp:term_slug><wp:term_parent></wp:term_parent><wp:term_name><![CDATA[Home Carousel]]></wp:term_name></wp:term>
	<wp:term><wp:term_id>41</wp:term_id><wp:term_taxonomy>slides_category</wp:term_taxonomy><wp:term_slug>home-slider</wp:term_slug><wp:term_parent></wp:term_parent><wp:term_name><![CDATA[Home Slider]]></wp:term_name></wp:term>
	<wp:term><wp:term_id>46</wp:term_id><wp:term_taxonomy>slides_category</wp:term_taxonomy><wp:term_slug>home-slider-2</wp:term_slug><wp:term_parent></wp:term_parent><wp:term_name><![CDATA[Home Slider 2]]></wp:term_name></wp:term>
	<wp:term><wp:term_id>71</wp:term_id><wp:term_taxonomy>slides_category</wp:term_taxonomy><wp:term_slug>home-slider-video</wp:term_slug><wp:term_parent></wp:term_parent><wp:term_name><![CDATA[Home Slider Video]]></wp:term_name></wp:term>
	<wp:term><wp:term_id>64</wp:term_id><wp:term_taxonomy>product_tag</wp:term_taxonomy><wp:term_slug>jacket</wp:term_slug><wp:term_parent></wp:term_parent><wp:term_name><![CDATA[jacket]]></wp:term_name></wp:term>
	<wp:term><wp:term_id>58</wp:term_id><wp:term_taxonomy>product_tag</wp:term_taxonomy><wp:term_slug>jackets</wp:term_slug><wp:term_parent></wp:term_parent><wp:term_name><![CDATA[jackets]]></wp:term_name></wp:term>
	<wp:term><wp:term_id>33</wp:term_id><wp:term_taxonomy>product_tag</wp:term_taxonomy><wp:term_slug>mountain</wp:term_slug><wp:term_parent></wp:term_parent><wp:term_name><![CDATA[Mountain]]></wp:term_name></wp:term>
	<wp:term><wp:term_id>26</wp:term_id><wp:term_taxonomy>shop_order_status</wp:term_taxonomy><wp:term_slug>on-hold</wp:term_slug><wp:term_parent></wp:term_parent><wp:term_name><![CDATA[on-hold]]></wp:term_name></wp:term>
	<wp:term><wp:term_id>69</wp:term_id><wp:term_taxonomy>product_tag</wp:term_taxonomy><wp:term_slug>pants</wp:term_slug><wp:term_parent></wp:term_parent><wp:term_name><![CDATA[pants]]></wp:term_name></wp:term>
	<wp:term><wp:term_id>24</wp:term_id><wp:term_taxonomy>shop_order_status</wp:term_taxonomy><wp:term_slug>pending</wp:term_slug><wp:term_parent></wp:term_parent><wp:term_name><![CDATA[pending]]></wp:term_name></wp:term>
	<wp:term><wp:term_id>5</wp:term_id><wp:term_taxonomy>portfolio_category</wp:term_taxonomy><wp:term_slug>photography</wp:term_slug><wp:term_parent></wp:term_parent><wp:term_name><![CDATA[Photography]]></wp:term_name></wp:term>
	<wp:term><wp:term_id>27</wp:term_id><wp:term_taxonomy>shop_order_status</wp:term_taxonomy><wp:term_slug>processing</wp:term_slug><wp:term_parent></wp:term_parent><wp:term_name><![CDATA[processing]]></wp:term_name></wp:term>
	<wp:term><wp:term_id>29</wp:term_id><wp:term_taxonomy>shop_order_status</wp:term_taxonomy><wp:term_slug>refunded</wp:term_slug><wp:term_parent></wp:term_parent><wp:term_name><![CDATA[refunded]]></wp:term_name></wp:term>
	<wp:term><wp:term_id>34</wp:term_id><wp:term_taxonomy>product_tag</wp:term_taxonomy><wp:term_slug>running</wp:term_slug><wp:term_parent></wp:term_parent><wp:term_name><![CDATA[Running]]></wp:term_name></wp:term>
	<wp:term><wp:term_id>36</wp:term_id><wp:term_taxonomy>product_tag</wp:term_taxonomy><wp:term_slug>shirt</wp:term_slug><wp:term_parent></wp:term_parent><wp:term_name><![CDATA[Shirt]]></wp:term_name></wp:term>
	<wp:term><wp:term_id>35</wp:term_id><wp:term_taxonomy>product_tag</wp:term_taxonomy><wp:term_slug>shoes</wp:term_slug><wp:term_parent></wp:term_parent><wp:term_name><![CDATA[Shoes]]></wp:term_name></wp:term>
	<wp:term><wp:term_id>20</wp:term_id><wp:term_taxonomy>product_type</wp:term_taxonomy><wp:term_slug>simple</wp:term_slug><wp:term_parent></wp:term_parent><wp:term_name><![CDATA[simple]]></wp:term_name></wp:term>
	<wp:term><wp:term_id>32</wp:term_id><wp:term_taxonomy>product_tag</wp:term_taxonomy><wp:term_slug>ski</wp:term_slug><wp:term_parent></wp:term_parent><wp:term_name><![CDATA[Ski]]></wp:term_name></wp:term>
	<wp:term><wp:term_id>31</wp:term_id><wp:term_taxonomy>product_cat</wp:term_taxonomy><wp:term_slug>skiing</wp:term_slug><wp:term_parent></wp:term_parent><wp:term_name><![CDATA[Skiing]]></wp:term_name></wp:term>
	<wp:term><wp:term_id>61</wp:term_id><wp:term_taxonomy>product_tag</wp:term_taxonomy><wp:term_slug>skin-care</wp:term_slug><wp:term_parent></wp:term_parent><wp:term_name><![CDATA[skin care]]></wp:term_name></wp:term>
	<wp:term><wp:term_id>65</wp:term_id><wp:term_taxonomy>product_tag</wp:term_taxonomy><wp:term_slug>sport-shoes</wp:term_slug><wp:term_parent></wp:term_parent><wp:term_name><![CDATA[sport shoes]]></wp:term_name></wp:term>
	<wp:term><wp:term_id>56</wp:term_id><wp:term_taxonomy>product_tag</wp:term_taxonomy><wp:term_slug>ties</wp:term_slug><wp:term_parent></wp:term_parent><wp:term_name><![CDATA[ties]]></wp:term_name></wp:term>
	<wp:term><wp:term_id>22</wp:term_id><wp:term_taxonomy>product_type</wp:term_taxonomy><wp:term_slug>variable</wp:term_slug><wp:term_parent></wp:term_parent><wp:term_name><![CDATA[variable]]></wp:term_name></wp:term>
	<wp:term><wp:term_id>57</wp:term_id><wp:term_taxonomy>product_tag</wp:term_taxonomy><wp:term_slug>watches</wp:term_slug><wp:term_parent></wp:term_parent><wp:term_name><![CDATA[watches]]></wp:term_name></wp:term>
	<wp:term><wp:term_id>37</wp:term_id><wp:term_taxonomy>product_tag</wp:term_taxonomy><wp:term_slug>workout</wp:term_slug><wp:term_parent></wp:term_parent><wp:term_name><![CDATA[Workout]]></wp:term_name></wp:term>
	<wp:term><wp:term_id>49</wp:term_id><wp:term_taxonomy>product_cat</wp:term_taxonomy><wp:term_slug>accessories</wp:term_slug><wp:term_parent></wp:term_parent><wp:term_name><![CDATA[Accessories]]></wp:term_name></wp:term>
	<wp:term><wp:term_id>50</wp:term_id><wp:term_taxonomy>product_cat</wp:term_taxonomy><wp:term_slug>beauty</wp:term_slug><wp:term_parent></wp:term_parent><wp:term_name><![CDATA[Beauty]]></wp:term_name></wp:term>
	<wp:term><wp:term_id>48</wp:term_id><wp:term_taxonomy>product_cat</wp:term_taxonomy><wp:term_slug>clothing</wp:term_slug><wp:term_parent></wp:term_parent><wp:term_name><![CDATA[Clothing]]></wp:term_name></wp:term>
	<wp:term><wp:term_id>51</wp:term_id><wp:term_taxonomy>product_cat</wp:term_taxonomy><wp:term_slug>home</wp:term_slug><wp:term_parent></wp:term_parent><wp:term_name><![CDATA[Home]]></wp:term_name></wp:term>
	<wp:term><wp:term_id>18</wp:term_id><wp:term_taxonomy>nav_menu</wp:term_taxonomy><wp:term_slug>top_menu</wp:term_slug><wp:term_name><![CDATA[top_menu]]></wp:term_name></wp:term>
	<wp:term><wp:term_id>19</wp:term_id><wp:term_taxonomy>nav_menu</wp:term_taxonomy><wp:term_slug>footer_menu</wp:term_slug><wp:term_name><![CDATA[footer_menu]]></wp:term_name></wp:term>

	<generator>http://wordpress.org/?v=3.7.1</generator>

	
	<item>
				<title>ui</title>
		<link>http://demo.qodeinteractive.com/elision/?attachment_id=6594</link>
		<pubDate>Thu, 12 Dec 2013 12:52:23 +0000</pubDate>
		<dc:creator><![CDATA[admin]]></dc:creator>
		<guid isPermaLink="false">http://demo.qodeinteractive.com/elision/wp-content/uploads/2013/12/ui.jpg</guid>
		<description></description>
		<content:encoded><![CDATA[]]></content:encoded>
		<excerpt:encoded><![CDATA[]]></excerpt:encoded>
		<wp:post_id>6594</wp:post_id>
		<wp:post_date>2013-12-12 12:52:23</wp:post_date>
		<wp:post_date_gmt>2013-12-12 12:52:23</wp:post_date_gmt>
		<wp:comment_status>open</wp:comment_status>
		<wp:ping_status>open</wp:ping_status>
		<wp:post_name>ui</wp:post_name>
		<wp:status>inherit</wp:status>
		<wp:post_parent>0</wp:post_parent>
		<wp:menu_order>0</wp:menu_order>
		<wp:post_type>attachment</wp:post_type>
		<wp:post_password></wp:post_password>
		<wp:is_sticky>0</wp:is_sticky>
		<wp:attachment_url>http://demo.qodeinteractive.com/elision/wp-content/uploads/2013/12/ui.jpg</wp:attachment_url>
		<wp:postmeta>
			<wp:meta_key>_wp_attached_file</wp:meta_key>
			<wp:meta_value><![CDATA[2013/12/ui.jpg]]></wp:meta_value>
		</wp:postmeta>
		<wp:postmeta>
			<wp:meta_key>_wp_attachment_metadata</wp:meta_key>
			<wp:meta_value><![CDATA[a:5:{s:5:"width";i:1920;s:6:"height";i:600;s:4:"file";s:14:"2013/12/ui.jpg";s:5:"sizes";a:10:{s:9:"thumbnail";a:4:{s:4:"file";s:14:"ui-150x150.jpg";s:5:"width";i:150;s:6:"height";i:150;s:9:"mime-type";s:10:"image/jpeg";}s:6:"medium";a:4:{s:4:"file";s:13:"ui-300x93.jpg";s:5:"width";i:300;s:6:"height";i:93;s:9:"mime-type";s:10:"image/jpeg";}s:5:"large";a:4:{s:4:"file";s:15:"ui-1024x320.jpg";s:5:"width";i:1024;s:6:"height";i:320;s:9:"mime-type";s:10:"image/jpeg";}s:16:"portfolio-square";a:4:{s:4:"file";s:14:"ui-520x520.jpg";s:5:"width";i:520;s:6:"height";i:520;s:9:"mime-type";s:10:"image/jpeg";}s:18:"menu-featured-post";a:4:{s:4:"file";s:14:"ui-345x198.jpg";s:5:"width";i:345;s:6:"height";i:198;s:9:"mime-type";s:10:"image/jpeg";}s:20:"qode-carousel_slider";a:4:{s:4:"file";s:14:"ui-400x260.jpg";s:5:"width";i:400;s:6:"height";i:260;s:9:"mime-type";s:10:"image/jpeg";}s:16:"portfolio_slider";a:4:{s:4:"file";s:14:"ui-480x320.jpg";s:5:"width";i:480;s:6:"height";i:320;s:9:"mime-type";s:10:"image/jpeg";}s:14:"shop_thumbnail";a:4:{s:4:"file";s:13:"ui-137x42.jpg";s:5:"width";i:137;s:6:"height";i:42;s:9:"mime-type";s:10:"image/jpeg";}s:12:"shop_catalog";a:4:{s:4:"file";s:13:"ui-250x78.jpg";s:5:"width";i:250;s:6:"height";i:78;s:9:"mime-type";s:10:"image/jpeg";}s:11:"shop_single";a:4:{s:4:"file";s:14:"ui-520x162.jpg";s:5:"width";i:520;s:6:"height";i:162;s:9:"mime-type";s:10:"image/jpeg";}}s:10:"image_meta";a:10:{s:8:"aperture";i:0;s:6:"credit";s:0:"";s:6:"camera";s:0:"";s:7:"caption";s:0:"";s:17:"created_timestamp";i:0;s:9:"copyright";s:0:"";s:12:"focal_length";i:0;s:3:"iso";i:0;s:13:"shutter_speed";i:0;s:5:"title";s:0:"";}}]]></wp:meta_value>
		</wp:postmeta>
		<wp:postmeta>
			<wp:meta_key>_qode-like</wp:meta_key>
			<wp:meta_value><![CDATA[0]]></wp:meta_value>
		</wp:postmeta>
	</item>

	<item>
				<title>ui</title>
		<link>http://demo.qodeinteractive.com/elision/?attachment_id=6595</link>
		<pubDate>Thu, 12 Dec 2013 13:00:44 +0000</pubDate>
		<dc:creator><![CDATA[admin]]></dc:creator>
		<guid isPermaLink="false">http://demo.qodeinteractive.com/elision/wp-content/uploads/2013/12/ui1.jpg</guid>
		<description></description>
		<content:encoded><![CDATA[]]></content:encoded>
		<excerpt:encoded><![CDATA[]]></excerpt:encoded>
		<wp:post_id>6595</wp:post_id>
		<wp:post_date>2013-12-12 13:00:44</wp:post_date>
		<wp:post_date_gmt>2013-12-12 13:00:44</wp:post_date_gmt>
		<wp:comment_status>open</wp:comment_status>
		<wp:ping_status>open</wp:ping_status>
		<wp:post_name>ui-2</wp:post_name>
		<wp:status>inherit</wp:status>
		<wp:post_parent>0</wp:post_parent>
		<wp:menu_order>0</wp:menu_order>
		<wp:post_type>attachment</wp:post_type>
		<wp:post_password></wp:post_password>
		<wp:is_sticky>0</wp:is_sticky>
		<wp:attachment_url>http://demo.qodeinteractive.com/elision/wp-content/uploads/2013/12/ui1.jpg</wp:attachment_url>
		<wp:postmeta>
			<wp:meta_key>_wp_attached_file</wp:meta_key>
			<wp:meta_value><![CDATA[2013/12/ui1.jpg]]></wp:meta_value>
		</wp:postmeta>
		<wp:postmeta>
			<wp:meta_key>_wp_attachment_metadata</wp:meta_key>
			<wp:meta_value><![CDATA[a:5:{s:5:"width";i:1920;s:6:"height";i:600;s:4:"file";s:15:"2013/12/ui1.jpg";s:5:"sizes";a:10:{s:9:"thumbnail";a:4:{s:4:"file";s:15:"ui1-150x150.jpg";s:5:"width";i:150;s:6:"height";i:150;s:9:"mime-type";s:10:"image/jpeg";}s:6:"medium";a:4:{s:4:"file";s:14:"ui1-300x93.jpg";s:5:"width";i:300;s:6:"height";i:93;s:9:"mime-type";s:10:"image/jpeg";}s:5:"large";a:4:{s:4:"file";s:16:"ui1-1024x320.jpg";s:5:"width";i:1024;s:6:"height";i:320;s:9:"mime-type";s:10:"image/jpeg";}s:16:"portfolio-square";a:4:{s:4:"file";s:15:"ui1-520x520.jpg";s:5:"width";i:520;s:6:"height";i:520;s:9:"mime-type";s:10:"image/jpeg";}s:18:"menu-featured-post";a:4:{s:4:"file";s:15:"ui1-345x198.jpg";s:5:"width";i:345;s:6:"height";i:198;s:9:"mime-type";s:10:"image/jpeg";}s:20:"qode-carousel_slider";a:4:{s:4:"file";s:15:"ui1-400x260.jpg";s:5:"width";i:400;s:6:"height";i:260;s:9:"mime-type";s:10:"image/jpeg";}s:16:"portfolio_slider";a:4:{s:4:"file";s:15:"ui1-480x320.jpg";s:5:"width";i:480;s:6:"height";i:320;s:9:"mime-type";s:10:"image/jpeg";}s:14:"shop_thumbnail";a:4:{s:4:"file";s:14:"ui1-137x42.jpg";s:5:"width";i:137;s:6:"height";i:42;s:9:"mime-type";s:10:"image/jpeg";}s:12:"shop_catalog";a:4:{s:4:"file";s:14:"ui1-250x78.jpg";s:5:"width";i:250;s:6:"height";i:78;s:9:"mime-type";s:10:"image/jpeg";}s:11:"shop_single";a:4:{s:4:"file";s:15:"ui1-520x162.jpg";s:5:"width";i:520;s:6:"height";i:162;s:9:"mime-type";s:10:"image/jpeg";}}s:10:"image_meta";a:10:{s:8:"aperture";i:0;s:6:"credit";s:0:"";s:6:"camera";s:0:"";s:7:"caption";s:0:"";s:17:"created_timestamp";i:0;s:9:"copyright";s:0:"";s:12:"focal_length";i:0;s:3:"iso";i:0;s:13:"shutter_speed";i:0;s:5:"title";s:0:"";}}]]></wp:meta_value>
		</wp:postmeta>
	</item>

	<item>
				<title>layerslide1</title>
		<link>http://demo.qodeinteractive.com/elision/?attachment_id=6607</link>
		<pubDate>Thu, 12 Dec 2013 15:04:12 +0000</pubDate>
		<dc:creator><![CDATA[admin]]></dc:creator>
		<guid isPermaLink="false">http://demo.qodeinteractive.com/elision/wp-content/uploads/2013/12/layerslide1.jpg</guid>
		<description></description>
		<content:encoded><![CDATA[]]></content:encoded>
		<excerpt:encoded><![CDATA[]]></excerpt:encoded>
		<wp:post_id>6607</wp:post_id>
		<wp:post_date>2013-12-12 15:04:12</wp:post_date>
		<wp:post_date_gmt>2013-12-12 15:04:12</wp:post_date_gmt>
		<wp:comment_status>open</wp:comment_status>
		<wp:ping_status>open</wp:ping_status>
		<wp:post_name>layerslide1</wp:post_name>
		<wp:status>inherit</wp:status>
		<wp:post_parent>0</wp:post_parent>
		<wp:menu_order>0</wp:menu_order>
		<wp:post_type>attachment</wp:post_type>
		<wp:post_password></wp:post_password>
		<wp:is_sticky>0</wp:is_sticky>
		<wp:attachment_url>http://demo.qodeinteractive.com/elision/wp-content/uploads/2013/12/layerslide1.jpg</wp:attachment_url>
		<wp:postmeta>
			<wp:meta_key>_wp_attached_file</wp:meta_key>
			<wp:meta_value><![CDATA[2013/12/layerslide1.jpg]]></wp:meta_value>
		</wp:postmeta>
		<wp:postmeta>
			<wp:meta_key>_wp_attachment_metadata</wp:meta_key>
			<wp:meta_value><![CDATA[a:5:{s:5:"width";i:1920;s:6:"height";i:700;s:4:"file";s:23:"2013/12/layerslide1.jpg";s:5:"sizes";a:10:{s:9:"thumbnail";a:4:{s:4:"file";s:23:"layerslide1-150x150.jpg";s:5:"width";i:150;s:6:"height";i:150;s:9:"mime-type";s:10:"image/jpeg";}s:6:"medium";a:4:{s:4:"file";s:23:"layerslide1-300x109.jpg";s:5:"width";i:300;s:6:"height";i:109;s:9:"mime-type";s:10:"image/jpeg";}s:5:"large";a:4:{s:4:"file";s:24:"layerslide1-1024x373.jpg";s:5:"width";i:1024;s:6:"height";i:373;s:9:"mime-type";s:10:"image/jpeg";}s:16:"portfolio-square";a:4:{s:4:"file";s:23:"layerslide1-520x520.jpg";s:5:"width";i:520;s:6:"height";i:520;s:9:"mime-type";s:10:"image/jpeg";}s:18:"menu-featured-post";a:4:{s:4:"file";s:23:"layerslide1-345x198.jpg";s:5:"width";i:345;s:6:"height";i:198;s:9:"mime-type";s:10:"image/jpeg";}s:20:"qode-carousel_slider";a:4:{s:4:"file";s:23:"layerslide1-400x260.jpg";s:5:"width";i:400;s:6:"height";i:260;s:9:"mime-type";s:10:"image/jpeg";}s:16:"portfolio_slider";a:4:{s:4:"file";s:23:"layerslide1-480x320.jpg";s:5:"width";i:480;s:6:"height";i:320;s:9:"mime-type";s:10:"image/jpeg";}s:14:"shop_thumbnail";a:4:{s:4:"file";s:22:"layerslide1-137x49.jpg";s:5:"width";i:137;s:6:"height";i:49;s:9:"mime-type";s:10:"image/jpeg";}s:12:"shop_catalog";a:4:{s:4:"file";s:22:"layerslide1-250x91.jpg";s:5:"width";i:250;s:6:"height";i:91;s:9:"mime-type";s:10:"image/jpeg";}s:11:"shop_single";a:4:{s:4:"file";s:23:"layerslide1-520x189.jpg";s:5:"width";i:520;s:6:"height";i:189;s:9:"mime-type";s:10:"image/jpeg";}}s:10:"image_meta";a:10:{s:8:"aperture";i:0;s:6:"credit";s:0:"";s:6:"camera";s:0:"";s:7:"caption";s:0:"";s:17:"created_timestamp";i:0;s:9:"copyright";s:0:"";s:12:"focal_length";i:0;s:3:"iso";i:0;s:13:"shutter_speed";i:0;s:5:"title";s:0:"";}}]]></wp:meta_value>
		</wp:postmeta>
		<wp:postmeta>
			<wp:meta_key>_wp_attachment_image_alt</wp:meta_key>
			<wp:meta_value><![CDATA[sea]]></wp:meta_value>
		</wp:postmeta>
		<wp:postmeta>
			<wp:meta_key>_qode-like</wp:meta_key>
			<wp:meta_value><![CDATA[0]]></wp:meta_value>
		</wp:postmeta>
	</item>

	<item>
				<title>layerslide2</title>
		<link>http://demo.qodeinteractive.com/elision/?attachment_id=6608</link>
		<pubDate>Thu, 12 Dec 2013 15:18:10 +0000</pubDate>
		<dc:creator><![CDATA[admin]]></dc:creator>
		<guid isPermaLink="false">http://demo.qodeinteractive.com/elision/wp-content/uploads/2013/12/layerslide2.jpg</guid>
		<description></description>
		<content:encoded><![CDATA[]]></content:encoded>
		<excerpt:encoded><![CDATA[]]></excerpt:encoded>
		<wp:post_id>6608</wp:post_id>
		<wp:post_date>2013-12-12 15:18:10</wp:post_date>
		<wp:post_date_gmt>2013-12-12 15:18:10</wp:post_date_gmt>
		<wp:comment_status>open</wp:comment_status>
		<wp:ping_status>open</wp:ping_status>
		<wp:post_name>layerslide2</wp:post_name>
		<wp:status>inherit</wp:status>
		<wp:post_parent>0</wp:post_parent>
		<wp:menu_order>0</wp:menu_order>
		<wp:post_type>attachment</wp:post_type>
		<wp:post_password></wp:post_password>
		<wp:is_sticky>0</wp:is_sticky>
		<wp:attachment_url>http://demo.qodeinteractive.com/elision/wp-content/uploads/2013/12/layerslide2.jpg</wp:attachment_url>
		<wp:postmeta>
			<wp:meta_key>_wp_attached_file</wp:meta_key>
			<wp:meta_value><![CDATA[2013/12/layerslide2.jpg]]></wp:meta_value>
		</wp:postmeta>
		<wp:postmeta>
			<wp:meta_key>_wp_attachment_metadata</wp:meta_key>
			<wp:meta_value><![CDATA[a:5:{s:5:"width";i:1920;s:6:"height";i:700;s:4:"file";s:23:"2013/12/layerslide2.jpg";s:5:"sizes";a:10:{s:9:"thumbnail";a:4:{s:4:"file";s:23:"layerslide2-150x150.jpg";s:5:"width";i:150;s:6:"height";i:150;s:9:"mime-type";s:10:"image/jpeg";}s:6:"medium";a:4:{s:4:"file";s:23:"layerslide2-300x109.jpg";s:5:"width";i:300;s:6:"height";i:109;s:9:"mime-type";s:10:"image/jpeg";}s:5:"large";a:4:{s:4:"file";s:24:"layerslide2-1024x373.jpg";s:5:"width";i:1024;s:6:"height";i:373;s:9:"mime-type";s:10:"image/jpeg";}s:16:"portfolio-square";a:4:{s:4:"file";s:23:"layerslide2-520x520.jpg";s:5:"width";i:520;s:6:"height";i:520;s:9:"mime-type";s:10:"image/jpeg";}s:18:"menu-featured-post";a:4:{s:4:"file";s:23:"layerslide2-345x198.jpg";s:5:"width";i:345;s:6:"height";i:198;s:9:"mime-type";s:10:"image/jpeg";}s:20:"qode-carousel_slider";a:4:{s:4:"file";s:23:"layerslide2-400x260.jpg";s:5:"width";i:400;s:6:"height";i:260;s:9:"mime-type";s:10:"image/jpeg";}s:16:"portfolio_slider";a:4:{s:4:"file";s:23:"layerslide2-480x320.jpg";s:5:"width";i:480;s:6:"height";i:320;s:9:"mime-type";s:10:"image/jpeg";}s:14:"shop_thumbnail";a:4:{s:4:"file";s:22:"layerslide2-137x49.jpg";s:5:"width";i:137;s:6:"height";i:49;s:9:"mime-type";s:10:"image/jpeg";}s:12:"shop_catalog";a:4:{s:4:"file";s:22:"layerslide2-250x91.jpg";s:5:"width";i:250;s:6:"height";i:91;s:9:"mime-type";s:10:"image/jpeg";}s:11:"shop_single";a:4:{s:4:"file";s:23:"layerslide2-520x189.jpg";s:5:"width";i:520;s:6:"height";i:189;s:9:"mime-type";s:10:"image/jpeg";}}s:10:"image_meta";a:10:{s:8:"aperture";i:0;s:6:"credit";s:0:"";s:6:"camera";s:0:"";s:7:"caption";s:0:"";s:17:"created_timestamp";i:0;s:9:"copyright";s:0:"";s:12:"focal_length";i:0;s:3:"iso";i:0;s:13:"shutter_speed";i:0;s:5:"title";s:0:"";}}]]></wp:meta_value>
		</wp:postmeta>
		<wp:postmeta>
			<wp:meta_key>_wp_attachment_image_alt</wp:meta_key>
			<wp:meta_value><![CDATA[sea]]></wp:meta_value>
		</wp:postmeta>
		<wp:postmeta>
			<wp:meta_key>_qode-like</wp:meta_key>
			<wp:meta_value><![CDATA[0]]></wp:meta_value>
		</wp:postmeta>
	</item>

	<item>
				<title>iphone</title>
		<link>http://demo.qodeinteractive.com/elision/?attachment_id=6614</link>
		<pubDate>Thu, 12 Dec 2013 15:42:09 +0000</pubDate>
		<dc:creator><![CDATA[admin]]></dc:creator>
		<guid isPermaLink="false">http://demo.qodeinteractive.com/elision/wp-content/uploads/2013/12/iphone.png</guid>
		<description></description>
		<content:encoded><![CDATA[]]></content:encoded>
		<excerpt:encoded><![CDATA[]]></excerpt:encoded>
		<wp:post_id>6614</wp:post_id>
		<wp:post_date>2013-12-12 15:42:09</wp:post_date>
		<wp:post_date_gmt>2013-12-12 15:42:09</wp:post_date_gmt>
		<wp:comment_status>open</wp:comment_status>
		<wp:ping_status>open</wp:ping_status>
		<wp:post_name>iphone</wp:post_name>
		<wp:status>inherit</wp:status>
		<wp:post_parent>0</wp:post_parent>
		<wp:menu_order>0</wp:menu_order>
		<wp:post_type>attachment</wp:post_type>
		<wp:post_password></wp:post_password>
		<wp:is_sticky>0</wp:is_sticky>
		<wp:attachment_url>http://demo.qodeinteractive.com/elision/wp-content/uploads/2013/12/iphone.png</wp:attachment_url>
		<wp:postmeta>
			<wp:meta_key>_wp_attached_file</wp:meta_key>
			<wp:meta_value><![CDATA[2013/12/iphone.png]]></wp:meta_value>
		</wp:postmeta>
		<wp:postmeta>
			<wp:meta_key>_wp_attachment_metadata</wp:meta_key>
			<wp:meta_value><![CDATA[a:5:{s:5:"width";i:631;s:6:"height";i:302;s:4:"file";s:18:"2013/12/iphone.png";s:5:"sizes";a:9:{s:9:"thumbnail";a:4:{s:4:"file";s:18:"iphone-150x150.png";s:5:"width";i:150;s:6:"height";i:150;s:9:"mime-type";s:9:"image/png";}s:6:"medium";a:4:{s:4:"file";s:18:"iphone-300x143.png";s:5:"width";i:300;s:6:"height";i:143;s:9:"mime-type";s:9:"image/png";}s:16:"portfolio-square";a:4:{s:4:"file";s:18:"iphone-520x302.png";s:5:"width";i:520;s:6:"height";i:302;s:9:"mime-type";s:9:"image/png";}s:18:"menu-featured-post";a:4:{s:4:"file";s:18:"iphone-345x198.png";s:5:"width";i:345;s:6:"height";i:198;s:9:"mime-type";s:9:"image/png";}s:20:"qode-carousel_slider";a:4:{s:4:"file";s:18:"iphone-400x260.png";s:5:"width";i:400;s:6:"height";i:260;s:9:"mime-type";s:9:"image/png";}s:16:"portfolio_slider";a:4:{s:4:"file";s:18:"iphone-480x302.png";s:5:"width";i:480;s:6:"height";i:302;s:9:"mime-type";s:9:"image/png";}s:14:"shop_thumbnail";a:4:{s:4:"file";s:17:"iphone-137x65.png";s:5:"width";i:137;s:6:"height";i:65;s:9:"mime-type";s:9:"image/png";}s:12:"shop_catalog";a:4:{s:4:"file";s:18:"iphone-250x119.png";s:5:"width";i:250;s:6:"height";i:119;s:9:"mime-type";s:9:"image/png";}s:11:"shop_single";a:4:{s:4:"file";s:18:"iphone-520x248.png";s:5:"width";i:520;s:6:"height";i:248;s:9:"mime-type";s:9:"image/png";}}s:10:"image_meta";a:10:{s:8:"aperture";i:0;s:6:"credit";s:0:"";s:6:"camera";s:0:"";s:7:"caption";s:0:"";s:17:"created_timestamp";i:0;s:9:"copyright";s:0:"";s:12:"focal_length";i:0;s:3:"iso";i:0;s:13:"shutter_speed";i:0;s:5:"title";s:0:"";}}]]></wp:meta_value>
		</wp:postmeta>
		<wp:postmeta>
			<wp:meta_key>_qode-like</wp:meta_key>
			<wp:meta_value><![CDATA[0]]></wp:meta_value>
		</wp:postmeta>
	</item>

	<item>
				<title>zoom</title>
		<link>http://demo.qodeinteractive.com/elision/?attachment_id=6663</link>
		<pubDate>Fri, 13 Dec 2013 09:56:28 +0000</pubDate>
		<dc:creator><![CDATA[admin]]></dc:creator>
		<guid isPermaLink="false">http://demo.qodeinteractive.com/elision/wp-content/uploads/2013/12/zoom.jpg</guid>
		<description></description>
		<content:encoded><![CDATA[]]></content:encoded>
		<excerpt:encoded><![CDATA[]]></excerpt:encoded>
		<wp:post_id>6663</wp:post_id>
		<wp:post_date>2013-12-13 09:56:28</wp:post_date>
		<wp:post_date_gmt>2013-12-13 09:56:28</wp:post_date_gmt>
		<wp:comment_status>open</wp:comment_status>
		<wp:ping_status>open</wp:ping_status>
		<wp:post_name>zoom</wp:post_name>
		<wp:status>inherit</wp:status>
		<wp:post_parent>0</wp:post_parent>
		<wp:menu_order>0</wp:menu_order>
		<wp:post_type>attachment</wp:post_type>
		<wp:post_password></wp:post_password>
		<wp:is_sticky>0</wp:is_sticky>
		<wp:attachment_url>http://demo.qodeinteractive.com/elision/wp-content/uploads/2013/12/zoom.jpg</wp:attachment_url>
		<wp:postmeta>
			<wp:meta_key>_wp_attached_file</wp:meta_key>
			<wp:meta_value><![CDATA[2013/12/zoom.jpg]]></wp:meta_value>
		</wp:postmeta>
		<wp:postmeta>
			<wp:meta_key>_wp_attachment_metadata</wp:meta_key>
			<wp:meta_value><![CDATA[a:5:{s:5:"width";i:1920;s:6:"height";i:700;s:4:"file";s:16:"2013/12/zoom.jpg";s:5:"sizes";a:10:{s:9:"thumbnail";a:4:{s:4:"file";s:16:"zoom-150x150.jpg";s:5:"width";i:150;s:6:"height";i:150;s:9:"mime-type";s:10:"image/jpeg";}s:6:"medium";a:4:{s:4:"file";s:16:"zoom-300x109.jpg";s:5:"width";i:300;s:6:"height";i:109;s:9:"mime-type";s:10:"image/jpeg";}s:5:"large";a:4:{s:4:"file";s:17:"zoom-1024x373.jpg";s:5:"width";i:1024;s:6:"height";i:373;s:9:"mime-type";s:10:"image/jpeg";}s:16:"portfolio-square";a:4:{s:4:"file";s:16:"zoom-520x520.jpg";s:5:"width";i:520;s:6:"height";i:520;s:9:"mime-type";s:10:"image/jpeg";}s:18:"menu-featured-post";a:4:{s:4:"file";s:16:"zoom-345x198.jpg";s:5:"width";i:345;s:6:"height";i:198;s:9:"mime-type";s:10:"image/jpeg";}s:20:"qode-carousel_slider";a:4:{s:4:"file";s:16:"zoom-400x260.jpg";s:5:"width";i:400;s:6:"height";i:260;s:9:"mime-type";s:10:"image/jpeg";}s:16:"portfolio_slider";a:4:{s:4:"file";s:16:"zoom-480x320.jpg";s:5:"width";i:480;s:6:"height";i:320;s:9:"mime-type";s:10:"image/jpeg";}s:14:"shop_thumbnail";a:4:{s:4:"file";s:15:"zoom-137x49.jpg";s:5:"width";i:137;s:6:"height";i:49;s:9:"mime-type";s:10:"image/jpeg";}s:12:"shop_catalog";a:4:{s:4:"file";s:15:"zoom-250x91.jpg";s:5:"width";i:250;s:6:"height";i:91;s:9:"mime-type";s:10:"image/jpeg";}s:11:"shop_single";a:4:{s:4:"file";s:16:"zoom-520x189.jpg";s:5:"width";i:520;s:6:"height";i:189;s:9:"mime-type";s:10:"image/jpeg";}}s:10:"image_meta";a:10:{s:8:"aperture";i:0;s:6:"credit";s:0:"";s:6:"camera";s:0:"";s:7:"caption";s:0:"";s:17:"created_timestamp";i:0;s:9:"copyright";s:0:"";s:12:"focal_length";i:0;s:3:"iso";i:0;s:13:"shutter_speed";i:0;s:5:"title";s:0:"";}}]]></wp:meta_value>
		</wp:postmeta>
	</item>

	<item>
				<title>zoom</title>
		<link>http://demo.qodeinteractive.com/elision/?attachment_id=6664</link>
		<pubDate>Fri, 13 Dec 2013 10:04:57 +0000</pubDate>
		<dc:creator><![CDATA[admin]]></dc:creator>
		<guid isPermaLink="false">http://demo.qodeinteractive.com/elision/wp-content/uploads/2013/12/zoom1.jpg</guid>
		<description></description>
		<content:encoded><![CDATA[]]></content:encoded>
		<excerpt:encoded><![CDATA[]]></excerpt:encoded>
		<wp:post_id>6664</wp:post_id>
		<wp:post_date>2013-12-13 10:04:57</wp:post_date>
		<wp:post_date_gmt>2013-12-13 10:04:57</wp:post_date_gmt>
		<wp:comment_status>open</wp:comment_status>
		<wp:ping_status>open</wp:ping_status>
		<wp:post_name>zoom-2</wp:post_name>
		<wp:status>inherit</wp:status>
		<wp:post_parent>0</wp:post_parent>
		<wp:menu_order>0</wp:menu_order>
		<wp:post_type>attachment</wp:post_type>
		<wp:post_password></wp:post_password>
		<wp:is_sticky>0</wp:is_sticky>
		<wp:attachment_url>http://demo.qodeinteractive.com/elision/wp-content/uploads/2013/12/zoom1.jpg</wp:attachment_url>
		<wp:postmeta>
			<wp:meta_key>_wp_attached_file</wp:meta_key>
			<wp:meta_value><![CDATA[2013/12/zoom1.jpg]]></wp:meta_value>
		</wp:postmeta>
		<wp:postmeta>
			<wp:meta_key>_wp_attachment_metadata</wp:meta_key>
			<wp:meta_value><![CDATA[a:5:{s:5:"width";i:2450;s:6:"height";i:700;s:4:"file";s:17:"2013/12/zoom1.jpg";s:5:"sizes";a:10:{s:9:"thumbnail";a:4:{s:4:"file";s:17:"zoom1-150x150.jpg";s:5:"width";i:150;s:6:"height";i:150;s:9:"mime-type";s:10:"image/jpeg";}s:6:"medium";a:4:{s:4:"file";s:16:"zoom1-300x85.jpg";s:5:"width";i:300;s:6:"height";i:85;s:9:"mime-type";s:10:"image/jpeg";}s:5:"large";a:4:{s:4:"file";s:18:"zoom1-1024x292.jpg";s:5:"width";i:1024;s:6:"height";i:292;s:9:"mime-type";s:10:"image/jpeg";}s:16:"portfolio-square";a:4:{s:4:"file";s:17:"zoom1-520x520.jpg";s:5:"width";i:520;s:6:"height";i:520;s:9:"mime-type";s:10:"image/jpeg";}s:18:"menu-featured-post";a:4:{s:4:"file";s:17:"zoom1-345x198.jpg";s:5:"width";i:345;s:6:"height";i:198;s:9:"mime-type";s:10:"image/jpeg";}s:20:"qode-carousel_slider";a:4:{s:4:"file";s:17:"zoom1-400x260.jpg";s:5:"width";i:400;s:6:"height";i:260;s:9:"mime-type";s:10:"image/jpeg";}s:16:"portfolio_slider";a:4:{s:4:"file";s:17:"zoom1-480x320.jpg";s:5:"width";i:480;s:6:"height";i:320;s:9:"mime-type";s:10:"image/jpeg";}s:14:"shop_thumbnail";a:4:{s:4:"file";s:16:"zoom1-137x39.jpg";s:5:"width";i:137;s:6:"height";i:39;s:9:"mime-type";s:10:"image/jpeg";}s:12:"shop_catalog";a:4:{s:4:"file";s:16:"zoom1-250x71.jpg";s:5:"width";i:250;s:6:"height";i:71;s:9:"mime-type";s:10:"image/jpeg";}s:11:"shop_single";a:4:{s:4:"file";s:17:"zoom1-520x148.jpg";s:5:"width";i:520;s:6:"height";i:148;s:9:"mime-type";s:10:"image/jpeg";}}s:10:"image_meta";a:10:{s:8:"aperture";i:0;s:6:"credit";s:0:"";s:6:"camera";s:0:"";s:7:"caption";s:0:"";s:17:"created_timestamp";i:0;s:9:"copyright";s:0:"";s:12:"focal_length";i:0;s:3:"iso";i:0;s:13:"shutter_speed";i:0;s:5:"title";s:0:"";}}]]></wp:meta_value>
		</wp:postmeta>
		<wp:postmeta>
			<wp:meta_key>_qode-like</wp:meta_key>
			<wp:meta_value><![CDATA[0]]></wp:meta_value>
		</wp:postmeta>
	</item>

	<item>
				<title>zoom2</title>
		<link>http://demo.qodeinteractive.com/elision/?attachment_id=6667</link>
		<pubDate>Fri, 13 Dec 2013 10:09:13 +0000</pubDate>
		<dc:creator><![CDATA[admin]]></dc:creator>
		<guid isPermaLink="false">http://demo.qodeinteractive.com/elision/wp-content/uploads/2013/12/zoom2.jpg</guid>
		<description></description>
		<content:encoded><![CDATA[]]></content:encoded>
		<excerpt:encoded><![CDATA[]]></excerpt:encoded>
		<wp:post_id>6667</wp:post_id>
		<wp:post_date>2013-12-13 10:09:13</wp:post_date>
		<wp:post_date_gmt>2013-12-13 10:09:13</wp:post_date_gmt>
		<wp:comment_status>open</wp:comment_status>
		<wp:ping_status>open</wp:ping_status>
		<wp:post_name>zoom2</wp:post_name>
		<wp:status>inherit</wp:status>
		<wp:post_parent>0</wp:post_parent>
		<wp:menu_order>0</wp:menu_order>
		<wp:post_type>attachment</wp:post_type>
		<wp:post_password></wp:post_password>
		<wp:is_sticky>0</wp:is_sticky>
		<wp:attachment_url>http://demo.qodeinteractive.com/elision/wp-content/uploads/2013/12/zoom2.jpg</wp:attachment_url>
		<wp:postmeta>
			<wp:meta_key>_wp_attached_file</wp:meta_key>
			<wp:meta_value><![CDATA[2013/12/zoom2.jpg]]></wp:meta_value>
		</wp:postmeta>
		<wp:postmeta>
			<wp:meta_key>_wp_attachment_metadata</wp:meta_key>
			<wp:meta_value><![CDATA[a:5:{s:5:"width";i:2450;s:6:"height";i:700;s:4:"file";s:17:"2013/12/zoom2.jpg";s:5:"sizes";a:10:{s:9:"thumbnail";a:4:{s:4:"file";s:17:"zoom2-150x150.jpg";s:5:"width";i:150;s:6:"height";i:150;s:9:"mime-type";s:10:"image/jpeg";}s:6:"medium";a:4:{s:4:"file";s:16:"zoom2-300x85.jpg";s:5:"width";i:300;s:6:"height";i:85;s:9:"mime-type";s:10:"image/jpeg";}s:5:"large";a:4:{s:4:"file";s:18:"zoom2-1024x292.jpg";s:5:"width";i:1024;s:6:"height";i:292;s:9:"mime-type";s:10:"image/jpeg";}s:16:"portfolio-square";a:4:{s:4:"file";s:17:"zoom2-520x520.jpg";s:5:"width";i:520;s:6:"height";i:520;s:9:"mime-type";s:10:"image/jpeg";}s:18:"menu-featured-post";a:4:{s:4:"file";s:17:"zoom2-345x198.jpg";s:5:"width";i:345;s:6:"height";i:198;s:9:"mime-type";s:10:"image/jpeg";}s:20:"qode-carousel_slider";a:4:{s:4:"file";s:17:"zoom2-400x260.jpg";s:5:"width";i:400;s:6:"height";i:260;s:9:"mime-type";s:10:"image/jpeg";}s:16:"portfolio_slider";a:4:{s:4:"file";s:17:"zoom2-480x320.jpg";s:5:"width";i:480;s:6:"height";i:320;s:9:"mime-type";s:10:"image/jpeg";}s:14:"shop_thumbnail";a:4:{s:4:"file";s:16:"zoom2-137x39.jpg";s:5:"width";i:137;s:6:"height";i:39;s:9:"mime-type";s:10:"image/jpeg";}s:12:"shop_catalog";a:4:{s:4:"file";s:16:"zoom2-250x71.jpg";s:5:"width";i:250;s:6:"height";i:71;s:9:"mime-type";s:10:"image/jpeg";}s:11:"shop_single";a:4:{s:4:"file";s:17:"zoom2-520x148.jpg";s:5:"width";i:520;s:6:"height";i:148;s:9:"mime-type";s:10:"image/jpeg";}}s:10:"image_meta";a:10:{s:8:"aperture";i:0;s:6:"credit";s:0:"";s:6:"camera";s:0:"";s:7:"caption";s:0:"";s:17:"created_timestamp";i:0;s:9:"copyright";s:0:"";s:12:"focal_length";i:0;s:3:"iso";i:0;s:13:"shutter_speed";i:0;s:5:"title";s:0:"";}}]]></wp:meta_value>
		</wp:postmeta>
		<wp:postmeta>
			<wp:meta_key>_qode-like</wp:meta_key>
			<wp:meta_value><![CDATA[0]]></wp:meta_value>
		</wp:postmeta>
	</item>

	<item>
				<title>zoom3</title>
		<link>http://demo.qodeinteractive.com/elision/?attachment_id=6670</link>
		<pubDate>Fri, 13 Dec 2013 10:13:04 +0000</pubDate>
		<dc:creator><![CDATA[admin]]></dc:creator>
		<guid isPermaLink="false">http://demo.qodeinteractive.com/elision/wp-content/uploads/2013/12/zoom3.jpg</guid>
		<description></description>
		<content:encoded><![CDATA[]]></content:encoded>
		<excerpt:encoded><![CDATA[]]></excerpt:encoded>
		<wp:post_id>6670</wp:post_id>
		<wp:post_date>2013-12-13 10:13:04</wp:post_date>
		<wp:post_date_gmt>2013-12-13 10:13:04</wp:post_date_gmt>
		<wp:comment_status>open</wp:comment_status>
		<wp:ping_status>open</wp:ping_status>
		<wp:post_name>zoom3</wp:post_name>
		<wp:status>inherit</wp:status>
		<wp:post_parent>0</wp:post_parent>
		<wp:menu_order>0</wp:menu_order>
		<wp:post_type>attachment</wp:post_type>
		<wp:post_password></wp:post_password>
		<wp:is_sticky>0</wp:is_sticky>
		<wp:attachment_url>http://demo.qodeinteractive.com/elision/wp-content/uploads/2013/12/zoom3.jpg</wp:attachment_url>
		<wp:postmeta>
			<wp:meta_key>_wp_attached_file</wp:meta_key>
			<wp:meta_value><![CDATA[2013/12/zoom3.jpg]]></wp:meta_value>
		</wp:postmeta>
		<wp:postmeta>
			<wp:meta_key>_wp_attachment_metadata</wp:meta_key>
			<wp:meta_value><![CDATA[a:5:{s:5:"width";i:2450;s:6:"height";i:700;s:4:"file";s:17:"2013/12/zoom3.jpg";s:5:"sizes";a:10:{s:9:"thumbnail";a:4:{s:4:"file";s:17:"zoom3-150x150.jpg";s:5:"width";i:150;s:6:"height";i:150;s:9:"mime-type";s:10:"image/jpeg";}s:6:"medium";a:4:{s:4:"file";s:16:"zoom3-300x85.jpg";s:5:"width";i:300;s:6:"height";i:85;s:9:"mime-type";s:10:"image/jpeg";}s:5:"large";a:4:{s:4:"file";s:18:"zoom3-1024x292.jpg";s:5:"width";i:1024;s:6:"height";i:292;s:9:"mime-type";s:10:"image/jpeg";}s:16:"portfolio-square";a:4:{s:4:"file";s:17:"zoom3-520x520.jpg";s:5:"width";i:520;s:6:"height";i:520;s:9:"mime-type";s:10:"image/jpeg";}s:18:"menu-featured-post";a:4:{s:4:"file";s:17:"zoom3-345x198.jpg";s:5:"width";i:345;s:6:"height";i:198;s:9:"mime-type";s:10:"image/jpeg";}s:20:"qode-carousel_slider";a:4:{s:4:"file";s:17:"zoom3-400x260.jpg";s:5:"width";i:400;s:6:"height";i:260;s:9:"mime-type";s:10:"image/jpeg";}s:16:"portfolio_slider";a:4:{s:4:"file";s:17:"zoom3-480x320.jpg";s:5:"width";i:480;s:6:"height";i:320;s:9:"mime-type";s:10:"image/jpeg";}s:14:"shop_thumbnail";a:4:{s:4:"file";s:16:"zoom3-137x39.jpg";s:5:"width";i:137;s:6:"height";i:39;s:9:"mime-type";s:10:"image/jpeg";}s:12:"shop_catalog";a:4:{s:4:"file";s:16:"zoom3-250x71.jpg";s:5:"width";i:250;s:6:"height";i:71;s:9:"mime-type";s:10:"image/jpeg";}s:11:"shop_single";a:4:{s:4:"file";s:17:"zoom3-520x148.jpg";s:5:"width";i:520;s:6:"height";i:148;s:9:"mime-type";s:10:"image/jpeg";}}s:10:"image_meta";a:10:{s:8:"aperture";i:0;s:6:"credit";s:0:"";s:6:"camera";s:0:"";s:7:"caption";s:0:"";s:17:"created_timestamp";i:0;s:9:"copyright";s:0:"";s:12:"focal_length";i:0;s:3:"iso";i:0;s:13:"shutter_speed";i:0;s:5:"title";s:0:"";}}]]></wp:meta_value>
		</wp:postmeta>
	</item>

	<item>
				<title>zoom3</title>
		<link>http://demo.qodeinteractive.com/elision/?attachment_id=6672</link>
		<pubDate>Fri, 13 Dec 2013 10:14:24 +0000</pubDate>
		<dc:creator><![CDATA[admin]]></dc:creator>
		<guid isPermaLink="false">http://demo.qodeinteractive.com/elision/wp-content/uploads/2013/12/zoom31.jpg</guid>
		<description></description>
		<content:encoded><![CDATA[]]></content:encoded>
		<excerpt:encoded><![CDATA[]]></excerpt:encoded>
		<wp:post_id>6672</wp:post_id>
		<wp:post_date>2013-12-13 10:14:24</wp:post_date>
		<wp:post_date_gmt>2013-12-13 10:14:24</wp:post_date_gmt>
		<wp:comment_status>open</wp:comment_status>
		<wp:ping_status>open</wp:ping_status>
		<wp:post_name>zoom3-2</wp:post_name>
		<wp:status>inherit</wp:status>
		<wp:post_parent>0</wp:post_parent>
		<wp:menu_order>0</wp:menu_order>
		<wp:post_type>attachment</wp:post_type>
		<wp:post_password></wp:post_password>
		<wp:is_sticky>0</wp:is_sticky>
		<wp:attachment_url>http://demo.qodeinteractive.com/elision/wp-content/uploads/2013/12/zoom31.jpg</wp:attachment_url>
		<wp:postmeta>
			<wp:meta_key>_wp_attached_file</wp:meta_key>
			<wp:meta_value><![CDATA[2013/12/zoom31.jpg]]></wp:meta_value>
		</wp:postmeta>
		<wp:postmeta>
			<wp:meta_key>_wp_attachment_metadata</wp:meta_key>
			<wp:meta_value><![CDATA[a:5:{s:5:"width";i:2450;s:6:"height";i:700;s:4:"file";s:18:"2013/12/zoom31.jpg";s:5:"sizes";a:10:{s:9:"thumbnail";a:4:{s:4:"file";s:18:"zoom31-150x150.jpg";s:5:"width";i:150;s:6:"height";i:150;s:9:"mime-type";s:10:"image/jpeg";}s:6:"medium";a:4:{s:4:"file";s:17:"zoom31-300x85.jpg";s:5:"width";i:300;s:6:"height";i:85;s:9:"mime-type";s:10:"image/jpeg";}s:5:"large";a:4:{s:4:"file";s:19:"zoom31-1024x292.jpg";s:5:"width";i:1024;s:6:"height";i:292;s:9:"mime-type";s:10:"image/jpeg";}s:16:"portfolio-square";a:4:{s:4:"file";s:18:"zoom31-520x520.jpg";s:5:"width";i:520;s:6:"height";i:520;s:9:"mime-type";s:10:"image/jpeg";}s:18:"menu-featured-post";a:4:{s:4:"file";s:18:"zoom31-345x198.jpg";s:5:"width";i:345;s:6:"height";i:198;s:9:"mime-type";s:10:"image/jpeg";}s:20:"qode-carousel_slider";a:4:{s:4:"file";s:18:"zoom31-400x260.jpg";s:5:"width";i:400;s:6:"height";i:260;s:9:"mime-type";s:10:"image/jpeg";}s:16:"portfolio_slider";a:4:{s:4:"file";s:18:"zoom31-480x320.jpg";s:5:"width";i:480;s:6:"height";i:320;s:9:"mime-type";s:10:"image/jpeg";}s:14:"shop_thumbnail";a:4:{s:4:"file";s:17:"zoom31-137x39.jpg";s:5:"width";i:137;s:6:"height";i:39;s:9:"mime-type";s:10:"image/jpeg";}s:12:"shop_catalog";a:4:{s:4:"file";s:17:"zoom31-250x71.jpg";s:5:"width";i:250;s:6:"height";i:71;s:9:"mime-type";s:10:"image/jpeg";}s:11:"shop_single";a:4:{s:4:"file";s:18:"zoom31-520x148.jpg";s:5:"width";i:520;s:6:"height";i:148;s:9:"mime-type";s:10:"image/jpeg";}}s:10:"image_meta";a:10:{s:8:"aperture";i:0;s:6:"credit";s:0:"";s:6:"camera";s:0:"";s:7:"caption";s:0:"";s:17:"created_timestamp";i:0;s:9:"copyright";s:0:"";s:12:"focal_length";i:0;s:3:"iso";i:0;s:13:"shutter_speed";i:0;s:5:"title";s:0:"";}}]]></wp:meta_value>
		</wp:postmeta>
		<wp:postmeta>
			<wp:meta_key>_qode-like</wp:meta_key>
			<wp:meta_value><![CDATA[0]]></wp:meta_value>
		</wp:postmeta>
	</item>

	<item>
				<title>zoom4</title>
		<link>http://demo.qodeinteractive.com/elision/?attachment_id=6673</link>
		<pubDate>Fri, 13 Dec 2013 10:18:15 +0000</pubDate>
		<dc:creator><![CDATA[admin]]></dc:creator>
		<guid isPermaLink="false">http://demo.qodeinteractive.com/elision/wp-content/uploads/2013/12/zoom4.jpg</guid>
		<description></description>
		<content:encoded><![CDATA[]]></content:encoded>
		<excerpt:encoded><![CDATA[]]></excerpt:encoded>
		<wp:post_id>6673</wp:post_id>
		<wp:post_date>2013-12-13 10:18:15</wp:post_date>
		<wp:post_date_gmt>2013-12-13 10:18:15</wp:post_date_gmt>
		<wp:comment_status>open</wp:comment_status>
		<wp:ping_status>open</wp:ping_status>
		<wp:post_name>zoom4</wp:post_name>
		<wp:status>inherit</wp:status>
		<wp:post_parent>0</wp:post_parent>
		<wp:menu_order>0</wp:menu_order>
		<wp:post_type>attachment</wp:post_type>
		<wp:post_password></wp:post_password>
		<wp:is_sticky>0</wp:is_sticky>
		<wp:attachment_url>http://demo.qodeinteractive.com/elision/wp-content/uploads/2013/12/zoom4.jpg</wp:attachment_url>
		<wp:postmeta>
			<wp:meta_key>_wp_attached_file</wp:meta_key>
			<wp:meta_value><![CDATA[2013/12/zoom4.jpg]]></wp:meta_value>
		</wp:postmeta>
		<wp:postmeta>
			<wp:meta_key>_wp_attachment_metadata</wp:meta_key>
			<wp:meta_value><![CDATA[a:5:{s:5:"width";i:2450;s:6:"height";i:700;s:4:"file";s:17:"2013/12/zoom4.jpg";s:5:"sizes";a:10:{s:9:"thumbnail";a:4:{s:4:"file";s:17:"zoom4-150x150.jpg";s:5:"width";i:150;s:6:"height";i:150;s:9:"mime-type";s:10:"image/jpeg";}s:6:"medium";a:4:{s:4:"file";s:16:"zoom4-300x85.jpg";s:5:"width";i:300;s:6:"height";i:85;s:9:"mime-type";s:10:"image/jpeg";}s:5:"large";a:4:{s:4:"file";s:18:"zoom4-1024x292.jpg";s:5:"width";i:1024;s:6:"height";i:292;s:9:"mime-type";s:10:"image/jpeg";}s:16:"portfolio-square";a:4:{s:4:"file";s:17:"zoom4-520x520.jpg";s:5:"width";i:520;s:6:"height";i:520;s:9:"mime-type";s:10:"image/jpeg";}s:18:"menu-featured-post";a:4:{s:4:"file";s:17:"zoom4-345x198.jpg";s:5:"width";i:345;s:6:"height";i:198;s:9:"mime-type";s:10:"image/jpeg";}s:20:"qode-carousel_slider";a:4:{s:4:"file";s:17:"zoom4-400x260.jpg";s:5:"width";i:400;s:6:"height";i:260;s:9:"mime-type";s:10:"image/jpeg";}s:16:"portfolio_slider";a:4:{s:4:"file";s:17:"zoom4-480x320.jpg";s:5:"width";i:480;s:6:"height";i:320;s:9:"mime-type";s:10:"image/jpeg";}s:14:"shop_thumbnail";a:4:{s:4:"file";s:16:"zoom4-137x39.jpg";s:5:"width";i:137;s:6:"height";i:39;s:9:"mime-type";s:10:"image/jpeg";}s:12:"shop_catalog";a:4:{s:4:"file";s:16:"zoom4-250x71.jpg";s:5:"width";i:250;s:6:"height";i:71;s:9:"mime-type";s:10:"image/jpeg";}s:11:"shop_single";a:4:{s:4:"file";s:17:"zoom4-520x148.jpg";s:5:"width";i:520;s:6:"height";i:148;s:9:"mime-type";s:10:"image/jpeg";}}s:10:"image_meta";a:10:{s:8:"aperture";i:0;s:6:"credit";s:0:"";s:6:"camera";s:0:"";s:7:"caption";s:0:"";s:17:"created_timestamp";i:0;s:9:"copyright";s:0:"";s:12:"focal_length";i:0;s:3:"iso";i:0;s:13:"shutter_speed";i:0;s:5:"title";s:0:"";}}]]></wp:meta_value>
		</wp:postmeta>
	</item>

	<item>
				<title>zoom2</title>
		<link>http://demo.qodeinteractive.com/elision/?attachment_id=6678</link>
		<pubDate>Fri, 13 Dec 2013 10:27:46 +0000</pubDate>
		<dc:creator><![CDATA[admin]]></dc:creator>
		<guid isPermaLink="false">http://demo.qodeinteractive.com/elision/wp-content/uploads/2013/12/zoom21.jpg</guid>
		<description></description>
		<content:encoded><![CDATA[]]></content:encoded>
		<excerpt:encoded><![CDATA[]]></excerpt:encoded>
		<wp:post_id>6678</wp:post_id>
		<wp:post_date>2013-12-13 10:27:46</wp:post_date>
		<wp:post_date_gmt>2013-12-13 10:27:46</wp:post_date_gmt>
		<wp:comment_status>open</wp:comment_status>
		<wp:ping_status>open</wp:ping_status>
		<wp:post_name>zoom2-2</wp:post_name>
		<wp:status>inherit</wp:status>
		<wp:post_parent>0</wp:post_parent>
		<wp:menu_order>0</wp:menu_order>
		<wp:post_type>attachment</wp:post_type>
		<wp:post_password></wp:post_password>
		<wp:is_sticky>0</wp:is_sticky>
		<wp:attachment_url>http://demo.qodeinteractive.com/elision/wp-content/uploads/2013/12/zoom21.jpg</wp:attachment_url>
		<wp:postmeta>
			<wp:meta_key>_wp_attached_file</wp:meta_key>
			<wp:meta_value><![CDATA[2013/12/zoom21.jpg]]></wp:meta_value>
		</wp:postmeta>
		<wp:postmeta>
			<wp:meta_key>_wp_attachment_metadata</wp:meta_key>
			<wp:meta_value><![CDATA[a:5:{s:5:"width";i:2450;s:6:"height";i:700;s:4:"file";s:18:"2013/12/zoom21.jpg";s:5:"sizes";a:10:{s:9:"thumbnail";a:4:{s:4:"file";s:18:"zoom21-150x150.jpg";s:5:"width";i:150;s:6:"height";i:150;s:9:"mime-type";s:10:"image/jpeg";}s:6:"medium";a:4:{s:4:"file";s:17:"zoom21-300x85.jpg";s:5:"width";i:300;s:6:"height";i:85;s:9:"mime-type";s:10:"image/jpeg";}s:5:"large";a:4:{s:4:"file";s:19:"zoom21-1024x292.jpg";s:5:"width";i:1024;s:6:"height";i:292;s:9:"mime-type";s:10:"image/jpeg";}s:16:"portfolio-square";a:4:{s:4:"file";s:18:"zoom21-520x520.jpg";s:5:"width";i:520;s:6:"height";i:520;s:9:"mime-type";s:10:"image/jpeg";}s:18:"menu-featured-post";a:4:{s:4:"file";s:18:"zoom21-345x198.jpg";s:5:"width";i:345;s:6:"height";i:198;s:9:"mime-type";s:10:"image/jpeg";}s:20:"qode-carousel_slider";a:4:{s:4:"file";s:18:"zoom21-400x260.jpg";s:5:"width";i:400;s:6:"height";i:260;s:9:"mime-type";s:10:"image/jpeg";}s:16:"portfolio_slider";a:4:{s:4:"file";s:18:"zoom21-480x320.jpg";s:5:"width";i:480;s:6:"height";i:320;s:9:"mime-type";s:10:"image/jpeg";}s:14:"shop_thumbnail";a:4:{s:4:"file";s:17:"zoom21-137x39.jpg";s:5:"width";i:137;s:6:"height";i:39;s:9:"mime-type";s:10:"image/jpeg";}s:12:"shop_catalog";a:4:{s:4:"file";s:17:"zoom21-250x71.jpg";s:5:"width";i:250;s:6:"height";i:71;s:9:"mime-type";s:10:"image/jpeg";}s:11:"shop_single";a:4:{s:4:"file";s:18:"zoom21-520x148.jpg";s:5:"width";i:520;s:6:"height";i:148;s:9:"mime-type";s:10:"image/jpeg";}}s:10:"image_meta";a:10:{s:8:"aperture";i:0;s:6:"credit";s:0:"";s:6:"camera";s:0:"";s:7:"caption";s:0:"";s:17:"created_timestamp";i:0;s:9:"copyright";s:0:"";s:12:"focal_length";i:0;s:3:"iso";i:0;s:13:"shutter_speed";i:0;s:5:"title";s:0:"";}}]]></wp:meta_value>
		</wp:postmeta>
	</item>

	<item>
				<title>zoom5</title>
		<link>http://demo.qodeinteractive.com/elision/?attachment_id=6699</link>
		<pubDate>Fri, 13 Dec 2013 11:44:31 +0000</pubDate>
		<dc:creator><![CDATA[admin]]></dc:creator>
		<guid isPermaLink="false">http://demo.qodeinteractive.com/elision/wp-content/uploads/2013/12/zoom5.jpg</guid>
		<description></description>
		<content:encoded><![CDATA[]]></content:encoded>
		<excerpt:encoded><![CDATA[]]></excerpt:encoded>
		<wp:post_id>6699</wp:post_id>
		<wp:post_date>2013-12-13 11:44:31</wp:post_date>
		<wp:post_date_gmt>2013-12-13 11:44:31</wp:post_date_gmt>
		<wp:comment_status>open</wp:comment_status>
		<wp:ping_status>open</wp:ping_status>
		<wp:post_name>zoom5</wp:post_name>
		<wp:status>inherit</wp:status>
		<wp:post_parent>0</wp:post_parent>
		<wp:menu_order>0</wp:menu_order>
		<wp:post_type>attachment</wp:post_type>
		<wp:post_password></wp:post_password>
		<wp:is_sticky>0</wp:is_sticky>
		<wp:attachment_url>http://demo.qodeinteractive.com/elision/wp-content/uploads/2013/12/zoom5.jpg</wp:attachment_url>
		<wp:postmeta>
			<wp:meta_key>_wp_attached_file</wp:meta_key>
			<wp:meta_value><![CDATA[2013/12/zoom5.jpg]]></wp:meta_value>
		</wp:postmeta>
		<wp:postmeta>
			<wp:meta_key>_wp_attachment_metadata</wp:meta_key>
			<wp:meta_value><![CDATA[a:5:{s:5:"width";i:1920;s:6:"height";i:1200;s:4:"file";s:17:"2013/12/zoom5.jpg";s:5:"sizes";a:10:{s:9:"thumbnail";a:4:{s:4:"file";s:17:"zoom5-150x150.jpg";s:5:"width";i:150;s:6:"height";i:150;s:9:"mime-type";s:10:"image/jpeg";}s:6:"medium";a:4:{s:4:"file";s:17:"zoom5-300x187.jpg";s:5:"width";i:300;s:6:"height";i:187;s:9:"mime-type";s:10:"image/jpeg";}s:5:"large";a:4:{s:4:"file";s:18:"zoom5-1024x640.jpg";s:5:"width";i:1024;s:6:"height";i:640;s:9:"mime-type";s:10:"image/jpeg";}s:16:"portfolio-square";a:4:{s:4:"file";s:17:"zoom5-520x520.jpg";s:5:"width";i:520;s:6:"height";i:520;s:9:"mime-type";s:10:"image/jpeg";}s:18:"menu-featured-post";a:4:{s:4:"file";s:17:"zoom5-345x198.jpg";s:5:"width";i:345;s:6:"height";i:198;s:9:"mime-type";s:10:"image/jpeg";}s:20:"qode-carousel_slider";a:4:{s:4:"file";s:17:"zoom5-400x260.jpg";s:5:"width";i:400;s:6:"height";i:260;s:9:"mime-type";s:10:"image/jpeg";}s:16:"portfolio_slider";a:4:{s:4:"file";s:17:"zoom5-480x320.jpg";s:5:"width";i:480;s:6:"height";i:320;s:9:"mime-type";s:10:"image/jpeg";}s:14:"shop_thumbnail";a:4:{s:4:"file";s:16:"zoom5-137x85.jpg";s:5:"width";i:137;s:6:"height";i:85;s:9:"mime-type";s:10:"image/jpeg";}s:12:"shop_catalog";a:4:{s:4:"file";s:17:"zoom5-250x156.jpg";s:5:"width";i:250;s:6:"height";i:156;s:9:"mime-type";s:10:"image/jpeg";}s:11:"shop_single";a:4:{s:4:"file";s:17:"zoom5-520x325.jpg";s:5:"width";i:520;s:6:"height";i:325;s:9:"mime-type";s:10:"image/jpeg";}}s:10:"image_meta";a:10:{s:8:"aperture";i:0;s:6:"credit";s:0:"";s:6:"camera";s:0:"";s:7:"caption";s:0:"";s:17:"created_timestamp";i:0;s:9:"copyright";s:0:"";s:12:"focal_length";i:0;s:3:"iso";i:0;s:13:"shutter_speed";i:0;s:5:"title";s:0:"";}}]]></wp:meta_value>
		</wp:postmeta>
	</item>

	<item>
				<title>zoom5</title>
		<link>http://demo.qodeinteractive.com/elision/?attachment_id=6702</link>
		<pubDate>Fri, 13 Dec 2013 11:46:30 +0000</pubDate>
		<dc:creator><![CDATA[admin]]></dc:creator>
		<guid isPermaLink="false">http://demo.qodeinteractive.com/elision/wp-content/uploads/2013/12/zoom51.jpg</guid>
		<description></description>
		<content:encoded><![CDATA[]]></content:encoded>
		<excerpt:encoded><![CDATA[]]></excerpt:encoded>
		<wp:post_id>6702</wp:post_id>
		<wp:post_date>2013-12-13 11:46:30</wp:post_date>
		<wp:post_date_gmt>2013-12-13 11:46:30</wp:post_date_gmt>
		<wp:comment_status>open</wp:comment_status>
		<wp:ping_status>open</wp:ping_status>
		<wp:post_name>zoom5-2</wp:post_name>
		<wp:status>inherit</wp:status>
		<wp:post_parent>0</wp:post_parent>
		<wp:menu_order>0</wp:menu_order>
		<wp:post_type>attachment</wp:post_type>
		<wp:post_password></wp:post_password>
		<wp:is_sticky>0</wp:is_sticky>
		<wp:attachment_url>http://demo.qodeinteractive.com/elision/wp-content/uploads/2013/12/zoom51.jpg</wp:attachment_url>
		<wp:postmeta>
			<wp:meta_key>_wp_attached_file</wp:meta_key>
			<wp:meta_value><![CDATA[2013/12/zoom51.jpg]]></wp:meta_value>
		</wp:postmeta>
		<wp:postmeta>
			<wp:meta_key>_wp_attachment_metadata</wp:meta_key>
			<wp:meta_value><![CDATA[a:5:{s:5:"width";i:1920;s:6:"height";i:1200;s:4:"file";s:18:"2013/12/zoom51.jpg";s:5:"sizes";a:10:{s:9:"thumbnail";a:4:{s:4:"file";s:18:"zoom51-150x150.jpg";s:5:"width";i:150;s:6:"height";i:150;s:9:"mime-type";s:10:"image/jpeg";}s:6:"medium";a:4:{s:4:"file";s:18:"zoom51-300x187.jpg";s:5:"width";i:300;s:6:"height";i:187;s:9:"mime-type";s:10:"image/jpeg";}s:5:"large";a:4:{s:4:"file";s:19:"zoom51-1024x640.jpg";s:5:"width";i:1024;s:6:"height";i:640;s:9:"mime-type";s:10:"image/jpeg";}s:16:"portfolio-square";a:4:{s:4:"file";s:18:"zoom51-520x520.jpg";s:5:"width";i:520;s:6:"height";i:520;s:9:"mime-type";s:10:"image/jpeg";}s:18:"menu-featured-post";a:4:{s:4:"file";s:18:"zoom51-345x198.jpg";s:5:"width";i:345;s:6:"height";i:198;s:9:"mime-type";s:10:"image/jpeg";}s:20:"qode-carousel_slider";a:4:{s:4:"file";s:18:"zoom51-400x260.jpg";s:5:"width";i:400;s:6:"height";i:260;s:9:"mime-type";s:10:"image/jpeg";}s:16:"portfolio_slider";a:4:{s:4:"file";s:18:"zoom51-480x320.jpg";s:5:"width";i:480;s:6:"height";i:320;s:9:"mime-type";s:10:"image/jpeg";}s:14:"shop_thumbnail";a:4:{s:4:"file";s:17:"zoom51-137x85.jpg";s:5:"width";i:137;s:6:"height";i:85;s:9:"mime-type";s:10:"image/jpeg";}s:12:"shop_catalog";a:4:{s:4:"file";s:18:"zoom51-250x156.jpg";s:5:"width";i:250;s:6:"height";i:156;s:9:"mime-type";s:10:"image/jpeg";}s:11:"shop_single";a:4:{s:4:"file";s:18:"zoom51-520x325.jpg";s:5:"width";i:520;s:6:"height";i:325;s:9:"mime-type";s:10:"image/jpeg";}}s:10:"image_meta";a:10:{s:8:"aperture";i:0;s:6:"credit";s:0:"";s:6:"camera";s:0:"";s:7:"caption";s:0:"";s:17:"created_timestamp";i:0;s:9:"copyright";s:0:"";s:12:"focal_length";i:0;s:3:"iso";i:0;s:13:"shutter_speed";i:0;s:5:"title";s:0:"";}}]]></wp:meta_value>
		</wp:postmeta>
	</item>

	<item>
				<title>zoom5</title>
		<link>http://demo.qodeinteractive.com/elision/?attachment_id=6704</link>
		<pubDate>Fri, 13 Dec 2013 11:48:06 +0000</pubDate>
		<dc:creator><![CDATA[admin]]></dc:creator>
		<guid isPermaLink="false">http://demo.qodeinteractive.com/elision/wp-content/uploads/2013/12/zoom52.jpg</guid>
		<description></description>
		<content:encoded><![CDATA[]]></content:encoded>
		<excerpt:encoded><![CDATA[]]></excerpt:encoded>
		<wp:post_id>6704</wp:post_id>
		<wp:post_date>2013-12-13 11:48:06</wp:post_date>
		<wp:post_date_gmt>2013-12-13 11:48:06</wp:post_date_gmt>
		<wp:comment_status>open</wp:comment_status>
		<wp:ping_status>open</wp:ping_status>
		<wp:post_name>zoom5-3</wp:post_name>
		<wp:status>inherit</wp:status>
		<wp:post_parent>0</wp:post_parent>
		<wp:menu_order>0</wp:menu_order>
		<wp:post_type>attachment</wp:post_type>
		<wp:post_password></wp:post_password>
		<wp:is_sticky>0</wp:is_sticky>
		<wp:attachment_url>http://demo.qodeinteractive.com/elision/wp-content/uploads/2013/12/zoom52.jpg</wp:attachment_url>
		<wp:postmeta>
			<wp:meta_key>_wp_attached_file</wp:meta_key>
			<wp:meta_value><![CDATA[2013/12/zoom52.jpg]]></wp:meta_value>
		</wp:postmeta>
		<wp:postmeta>
			<wp:meta_key>_wp_attachment_metadata</wp:meta_key>
			<wp:meta_value><![CDATA[a:5:{s:5:"width";i:2500;s:6:"height";i:1200;s:4:"file";s:18:"2013/12/zoom52.jpg";s:5:"sizes";a:10:{s:9:"thumbnail";a:4:{s:4:"file";s:18:"zoom52-150x150.jpg";s:5:"width";i:150;s:6:"height";i:150;s:9:"mime-type";s:10:"image/jpeg";}s:6:"medium";a:4:{s:4:"file";s:18:"zoom52-300x144.jpg";s:5:"width";i:300;s:6:"height";i:144;s:9:"mime-type";s:10:"image/jpeg";}s:5:"large";a:4:{s:4:"file";s:19:"zoom52-1024x491.jpg";s:5:"width";i:1024;s:6:"height";i:491;s:9:"mime-type";s:10:"image/jpeg";}s:16:"portfolio-square";a:4:{s:4:"file";s:18:"zoom52-520x520.jpg";s:5:"width";i:520;s:6:"height";i:520;s:9:"mime-type";s:10:"image/jpeg";}s:18:"menu-featured-post";a:4:{s:4:"file";s:18:"zoom52-345x198.jpg";s:5:"width";i:345;s:6:"height";i:198;s:9:"mime-type";s:10:"image/jpeg";}s:20:"qode-carousel_slider";a:4:{s:4:"file";s:18:"zoom52-400x260.jpg";s:5:"width";i:400;s:6:"height";i:260;s:9:"mime-type";s:10:"image/jpeg";}s:16:"portfolio_slider";a:4:{s:4:"file";s:18:"zoom52-480x320.jpg";s:5:"width";i:480;s:6:"height";i:320;s:9:"mime-type";s:10:"image/jpeg";}s:14:"shop_thumbnail";a:4:{s:4:"file";s:17:"zoom52-137x65.jpg";s:5:"width";i:137;s:6:"height";i:65;s:9:"mime-type";s:10:"image/jpeg";}s:12:"shop_catalog";a:4:{s:4:"file";s:18:"zoom52-250x120.jpg";s:5:"width";i:250;s:6:"height";i:120;s:9:"mime-type";s:10:"image/jpeg";}s:11:"shop_single";a:4:{s:4:"file";s:18:"zoom52-520x249.jpg";s:5:"width";i:520;s:6:"height";i:249;s:9:"mime-type";s:10:"image/jpeg";}}s:10:"image_meta";a:10:{s:8:"aperture";i:0;s:6:"credit";s:0:"";s:6:"camera";s:0:"";s:7:"caption";s:0:"";s:17:"created_timestamp";i:0;s:9:"copyright";s:0:"";s:12:"focal_length";i:0;s:3:"iso";i:0;s:13:"shutter_speed";i:0;s:5:"title";s:0:"";}}]]></wp:meta_value>
		</wp:postmeta>
		<wp:postmeta>
			<wp:meta_key>_qode-like</wp:meta_key>
			<wp:meta_value><![CDATA[0]]></wp:meta_value>
		</wp:postmeta>
	</item>

	<item>
				<title>zoom5</title>
		<link>http://demo.qodeinteractive.com/elision/?attachment_id=6707</link>
		<pubDate>Fri, 13 Dec 2013 11:49:33 +0000</pubDate>
		<dc:creator><![CDATA[admin]]></dc:creator>
		<guid isPermaLink="false">http://demo.qodeinteractive.com/elision/wp-content/uploads/2013/12/zoom53.jpg</guid>
		<description></description>
		<content:encoded><![CDATA[]]></content:encoded>
		<excerpt:encoded><![CDATA[]]></excerpt:encoded>
		<wp:post_id>6707</wp:post_id>
		<wp:post_date>2013-12-13 11:49:33</wp:post_date>
		<wp:post_date_gmt>2013-12-13 11:49:33</wp:post_date_gmt>
		<wp:comment_status>open</wp:comment_status>
		<wp:ping_status>open</wp:ping_status>
		<wp:post_name>zoom5-4</wp:post_name>
		<wp:status>inherit</wp:status>
		<wp:post_parent>0</wp:post_parent>
		<wp:menu_order>0</wp:menu_order>
		<wp:post_type>attachment</wp:post_type>
		<wp:post_password></wp:post_password>
		<wp:is_sticky>0</wp:is_sticky>
		<wp:attachment_url>http://demo.qodeinteractive.com/elision/wp-content/uploads/2013/12/zoom53.jpg</wp:attachment_url>
		<wp:postmeta>
			<wp:meta_key>_wp_attached_file</wp:meta_key>
			<wp:meta_value><![CDATA[2013/12/zoom53.jpg]]></wp:meta_value>
		</wp:postmeta>
		<wp:postmeta>
			<wp:meta_key>_wp_attachment_metadata</wp:meta_key>
			<wp:meta_value><![CDATA[a:5:{s:5:"width";i:2500;s:6:"height";i:1200;s:4:"file";s:18:"2013/12/zoom53.jpg";s:5:"sizes";a:10:{s:9:"thumbnail";a:4:{s:4:"file";s:18:"zoom53-150x150.jpg";s:5:"width";i:150;s:6:"height";i:150;s:9:"mime-type";s:10:"image/jpeg";}s:6:"medium";a:4:{s:4:"file";s:18:"zoom53-300x144.jpg";s:5:"width";i:300;s:6:"height";i:144;s:9:"mime-type";s:10:"image/jpeg";}s:5:"large";a:4:{s:4:"file";s:19:"zoom53-1024x491.jpg";s:5:"width";i:1024;s:6:"height";i:491;s:9:"mime-type";s:10:"image/jpeg";}s:16:"portfolio-square";a:4:{s:4:"file";s:18:"zoom53-520x520.jpg";s:5:"width";i:520;s:6:"height";i:520;s:9:"mime-type";s:10:"image/jpeg";}s:18:"menu-featured-post";a:4:{s:4:"file";s:18:"zoom53-345x198.jpg";s:5:"width";i:345;s:6:"height";i:198;s:9:"mime-type";s:10:"image/jpeg";}s:20:"qode-carousel_slider";a:4:{s:4:"file";s:18:"zoom53-400x260.jpg";s:5:"width";i:400;s:6:"height";i:260;s:9:"mime-type";s:10:"image/jpeg";}s:16:"portfolio_slider";a:4:{s:4:"file";s:18:"zoom53-480x320.jpg";s:5:"width";i:480;s:6:"height";i:320;s:9:"mime-type";s:10:"image/jpeg";}s:14:"shop_thumbnail";a:4:{s:4:"file";s:17:"zoom53-137x65.jpg";s:5:"width";i:137;s:6:"height";i:65;s:9:"mime-type";s:10:"image/jpeg";}s:12:"shop_catalog";a:4:{s:4:"file";s:18:"zoom53-250x120.jpg";s:5:"width";i:250;s:6:"height";i:120;s:9:"mime-type";s:10:"image/jpeg";}s:11:"shop_single";a:4:{s:4:"file";s:18:"zoom53-520x249.jpg";s:5:"width";i:520;s:6:"height";i:249;s:9:"mime-type";s:10:"image/jpeg";}}s:10:"image_meta";a:10:{s:8:"aperture";i:0;s:6:"credit";s:0:"";s:6:"camera";s:0:"";s:7:"caption";s:0:"";s:17:"created_timestamp";i:0;s:9:"copyright";s:0:"";s:12:"focal_length";i:0;s:3:"iso";i:0;s:13:"shutter_speed";i:0;s:5:"title";s:0:"";}}]]></wp:meta_value>
		</wp:postmeta>
		<wp:postmeta>
			<wp:meta_key>_qode-like</wp:meta_key>
			<wp:meta_value><![CDATA[0]]></wp:meta_value>
		</wp:postmeta>
	</item>

	<item>
				<title>zoom6</title>
		<link>http://demo.qodeinteractive.com/elision/?attachment_id=6708</link>
		<pubDate>Fri, 13 Dec 2013 11:52:03 +0000</pubDate>
		<dc:creator><![CDATA[admin]]></dc:creator>
		<guid isPermaLink="false">http://demo.qodeinteractive.com/elision/wp-content/uploads/2013/12/zoom6.jpg</guid>
		<description></description>
		<content:encoded><![CDATA[]]></content:encoded>
		<excerpt:encoded><![CDATA[]]></excerpt:encoded>
		<wp:post_id>6708</wp:post_id>
		<wp:post_date>2013-12-13 11:52:03</wp:post_date>
		<wp:post_date_gmt>2013-12-13 11:52:03</wp:post_date_gmt>
		<wp:comment_status>open</wp:comment_status>
		<wp:ping_status>open</wp:ping_status>
		<wp:post_name>zoom6</wp:post_name>
		<wp:status>inherit</wp:status>
		<wp:post_parent>0</wp:post_parent>
		<wp:menu_order>0</wp:menu_order>
		<wp:post_type>attachment</wp:post_type>
		<wp:post_password></wp:post_password>
		<wp:is_sticky>0</wp:is_sticky>
		<wp:attachment_url>http://demo.qodeinteractive.com/elision/wp-content/uploads/2013/12/zoom6.jpg</wp:attachment_url>
		<wp:postmeta>
			<wp:meta_key>_wp_attached_file</wp:meta_key>
			<wp:meta_value><![CDATA[2013/12/zoom6.jpg]]></wp:meta_value>
		</wp:postmeta>
		<wp:postmeta>
			<wp:meta_key>_wp_attachment_metadata</wp:meta_key>
			<wp:meta_value><![CDATA[a:5:{s:5:"width";i:2500;s:6:"height";i:1200;s:4:"file";s:17:"2013/12/zoom6.jpg";s:5:"sizes";a:10:{s:9:"thumbnail";a:4:{s:4:"file";s:17:"zoom6-150x150.jpg";s:5:"width";i:150;s:6:"height";i:150;s:9:"mime-type";s:10:"image/jpeg";}s:6:"medium";a:4:{s:4:"file";s:17:"zoom6-300x144.jpg";s:5:"width";i:300;s:6:"height";i:144;s:9:"mime-type";s:10:"image/jpeg";}s:5:"large";a:4:{s:4:"file";s:18:"zoom6-1024x491.jpg";s:5:"width";i:1024;s:6:"height";i:491;s:9:"mime-type";s:10:"image/jpeg";}s:16:"portfolio-square";a:4:{s:4:"file";s:17:"zoom6-520x520.jpg";s:5:"width";i:520;s:6:"height";i:520;s:9:"mime-type";s:10:"image/jpeg";}s:18:"menu-featured-post";a:4:{s:4:"file";s:17:"zoom6-345x198.jpg";s:5:"width";i:345;s:6:"height";i:198;s:9:"mime-type";s:10:"image/jpeg";}s:20:"qode-carousel_slider";a:4:{s:4:"file";s:17:"zoom6-400x260.jpg";s:5:"width";i:400;s:6:"height";i:260;s:9:"mime-type";s:10:"image/jpeg";}s:16:"portfolio_slider";a:4:{s:4:"file";s:17:"zoom6-480x320.jpg";s:5:"width";i:480;s:6:"height";i:320;s:9:"mime-type";s:10:"image/jpeg";}s:14:"shop_thumbnail";a:4:{s:4:"file";s:16:"zoom6-137x65.jpg";s:5:"width";i:137;s:6:"height";i:65;s:9:"mime-type";s:10:"image/jpeg";}s:12:"shop_catalog";a:4:{s:4:"file";s:17:"zoom6-250x120.jpg";s:5:"width";i:250;s:6:"height";i:120;s:9:"mime-type";s:10:"image/jpeg";}s:11:"shop_single";a:4:{s:4:"file";s:17:"zoom6-520x249.jpg";s:5:"width";i:520;s:6:"height";i:249;s:9:"mime-type";s:10:"image/jpeg";}}s:10:"image_meta";a:10:{s:8:"aperture";i:0;s:6:"credit";s:0:"";s:6:"camera";s:0:"";s:7:"caption";s:0:"";s:17:"created_timestamp";i:0;s:9:"copyright";s:0:"";s:12:"focal_length";i:0;s:3:"iso";i:0;s:13:"shutter_speed";i:0;s:5:"title";s:0:"";}}]]></wp:meta_value>
		</wp:postmeta>
	</item>

	<item>
				<title>89</title>
		<link>http://demo.qodeinteractive.com/elision/dark-template/89-4/</link>
		<pubDate>Fri, 13 Dec 2013 12:20:06 +0000</pubDate>
		<dc:creator><![CDATA[admin]]></dc:creator>
		<guid isPermaLink="false">http://demo.qodeinteractive.com/elision/wp-content/uploads/2013/12/893.jpg</guid>
		<description></description>
		<content:encoded><![CDATA[]]></content:encoded>
		<excerpt:encoded><![CDATA[]]></excerpt:encoded>
		<wp:post_id>6731</wp:post_id>
		<wp:post_date>2013-12-13 12:20:06</wp:post_date>
		<wp:post_date_gmt>2013-12-13 12:20:06</wp:post_date_gmt>
		<wp:comment_status>open</wp:comment_status>
		<wp:ping_status>open</wp:ping_status>
		<wp:post_name>89-4</wp:post_name>
		<wp:status>inherit</wp:status>
		<wp:post_parent>6688</wp:post_parent>
		<wp:menu_order>0</wp:menu_order>
		<wp:post_type>attachment</wp:post_type>
		<wp:post_password></wp:post_password>
		<wp:is_sticky>0</wp:is_sticky>
		<wp:attachment_url>http://demo.qodeinteractive.com/elision/wp-content/uploads/2013/12/893.jpg</wp:attachment_url>
		<wp:postmeta>
			<wp:meta_key>_wp_attached_file</wp:meta_key>
			<wp:meta_value><![CDATA[2013/12/893.jpg]]></wp:meta_value>
		</wp:postmeta>
		<wp:postmeta>
			<wp:meta_key>_wp_attachment_metadata</wp:meta_key>
			<wp:meta_value><![CDATA[a:5:{s:5:"width";i:2500;s:6:"height";i:1200;s:4:"file";s:15:"2013/12/893.jpg";s:5:"sizes";a:10:{s:9:"thumbnail";a:4:{s:4:"file";s:15:"893-150x150.jpg";s:5:"width";i:150;s:6:"height";i:150;s:9:"mime-type";s:10:"image/jpeg";}s:6:"medium";a:4:{s:4:"file";s:15:"893-300x144.jpg";s:5:"width";i:300;s:6:"height";i:144;s:9:"mime-type";s:10:"image/jpeg";}s:5:"large";a:4:{s:4:"file";s:16:"893-1024x491.jpg";s:5:"width";i:1024;s:6:"height";i:491;s:9:"mime-type";s:10:"image/jpeg";}s:16:"portfolio-square";a:4:{s:4:"file";s:15:"893-520x520.jpg";s:5:"width";i:520;s:6:"height";i:520;s:9:"mime-type";s:10:"image/jpeg";}s:18:"menu-featured-post";a:4:{s:4:"file";s:15:"893-345x198.jpg";s:5:"width";i:345;s:6:"height";i:198;s:9:"mime-type";s:10:"image/jpeg";}s:20:"qode-carousel_slider";a:4:{s:4:"file";s:15:"893-400x260.jpg";s:5:"width";i:400;s:6:"height";i:260;s:9:"mime-type";s:10:"image/jpeg";}s:16:"portfolio_slider";a:4:{s:4:"file";s:15:"893-480x320.jpg";s:5:"width";i:480;s:6:"height";i:320;s:9:"mime-type";s:10:"image/jpeg";}s:14:"shop_thumbnail";a:4:{s:4:"file";s:14:"893-137x65.jpg";s:5:"width";i:137;s:6:"height";i:65;s:9:"mime-type";s:10:"image/jpeg";}s:12:"shop_catalog";a:4:{s:4:"file";s:15:"893-250x120.jpg";s:5:"width";i:250;s:6:"height";i:120;s:9:"mime-type";s:10:"image/jpeg";}s:11:"shop_single";a:4:{s:4:"file";s:15:"893-520x249.jpg";s:5:"width";i:520;s:6:"height";i:249;s:9:"mime-type";s:10:"image/jpeg";}}s:10:"image_meta";a:10:{s:8:"aperture";i:0;s:6:"credit";s:0:"";s:6:"camera";s:0:"";s:7:"caption";s:0:"";s:17:"created_timestamp";i:0;s:9:"copyright";s:0:"";s:12:"focal_length";i:0;s:3:"iso";i:0;s:13:"shutter_speed";i:0;s:5:"title";s:0:"";}}]]></wp:meta_value>
		</wp:postmeta>
		<wp:postmeta>
			<wp:meta_key>_wp_attachment_image_alt</wp:meta_key>
			<wp:meta_value><![CDATA[qode interactive elision]]></wp:meta_value>
		</wp:postmeta>
		<wp:postmeta>
			<wp:meta_key>_edit_last</wp:meta_key>
			<wp:meta_value><![CDATA[1]]></wp:meta_value>
		</wp:postmeta>
	</item>

	<item>
				<title>1</title>
		<link>http://demo.qodeinteractive.com/elision/dark-template/1-4/</link>
		<pubDate>Fri, 13 Dec 2013 12:40:30 +0000</pubDate>
		<dc:creator><![CDATA[admin]]></dc:creator>
		<guid isPermaLink="false">http://demo.qodeinteractive.com/elision/wp-content/uploads/2013/12/1.png</guid>
		<description></description>
		<content:encoded><![CDATA[]]></content:encoded>
		<excerpt:encoded><![CDATA[]]></excerpt:encoded>
		<wp:post_id>6747</wp:post_id>
		<wp:post_date>2013-12-13 12:40:30</wp:post_date>
		<wp:post_date_gmt>2013-12-13 12:40:30</wp:post_date_gmt>
		<wp:comment_status>open</wp:comment_status>
		<wp:ping_status>open</wp:ping_status>
		<wp:post_name>1-4</wp:post_name>
		<wp:status>inherit</wp:status>
		<wp:post_parent>6688</wp:post_parent>
		<wp:menu_order>0</wp:menu_order>
		<wp:post_type>attachment</wp:post_type>
		<wp:post_password></wp:post_password>
		<wp:is_sticky>0</wp:is_sticky>
		<wp:attachment_url>http://demo.qodeinteractive.com/elision/wp-content/uploads/2013/12/1.png</wp:attachment_url>
		<wp:postmeta>
			<wp:meta_key>_wp_attached_file</wp:meta_key>
			<wp:meta_value><![CDATA[2013/12/1.png]]></wp:meta_value>
		</wp:postmeta>
		<wp:postmeta>
			<wp:meta_key>_wp_attachment_metadata</wp:meta_key>
			<wp:meta_value><![CDATA[a:5:{s:5:"width";i:490;s:6:"height";i:235;s:4:"file";s:13:"2013/12/1.png";s:5:"sizes";a:7:{s:9:"thumbnail";a:4:{s:4:"file";s:13:"1-150x150.png";s:5:"width";i:150;s:6:"height";i:150;s:9:"mime-type";s:9:"image/png";}s:6:"medium";a:4:{s:4:"file";s:13:"1-300x143.png";s:5:"width";i:300;s:6:"height";i:143;s:9:"mime-type";s:9:"image/png";}s:18:"menu-featured-post";a:4:{s:4:"file";s:13:"1-345x198.png";s:5:"width";i:345;s:6:"height";i:198;s:9:"mime-type";s:9:"image/png";}s:20:"qode-carousel_slider";a:4:{s:4:"file";s:13:"1-400x235.png";s:5:"width";i:400;s:6:"height";i:235;s:9:"mime-type";s:9:"image/png";}s:16:"portfolio_slider";a:4:{s:4:"file";s:13:"1-480x235.png";s:5:"width";i:480;s:6:"height";i:235;s:9:"mime-type";s:9:"image/png";}s:14:"shop_thumbnail";a:4:{s:4:"file";s:12:"1-137x65.png";s:5:"width";i:137;s:6:"height";i:65;s:9:"mime-type";s:9:"image/png";}s:12:"shop_catalog";a:4:{s:4:"file";s:13:"1-250x119.png";s:5:"width";i:250;s:6:"height";i:119;s:9:"mime-type";s:9:"image/png";}}s:10:"image_meta";a:10:{s:8:"aperture";i:0;s:6:"credit";s:0:"";s:6:"camera";s:0:"";s:7:"caption";s:0:"";s:17:"created_timestamp";i:0;s:9:"copyright";s:0:"";s:12:"focal_length";i:0;s:3:"iso";i:0;s:13:"shutter_speed";i:0;s:5:"title";s:0:"";}}]]></wp:meta_value>
		</wp:postmeta>
		<wp:postmeta>
			<wp:meta_key>_wp_attachment_image_alt</wp:meta_key>
			<wp:meta_value><![CDATA[qode interactive elision]]></wp:meta_value>
		</wp:postmeta>
		<wp:postmeta>
			<wp:meta_key>_edit_last</wp:meta_key>
			<wp:meta_value><![CDATA[1]]></wp:meta_value>
		</wp:postmeta>
	</item>

	<item>
				<title>elision-video2</title>
		<link>http://demo.qodeinteractive.com/elision/?attachment_id=6763</link>
		<pubDate>Fri, 13 Dec 2013 13:51:29 +0000</pubDate>
		<dc:creator><![CDATA[admin]]></dc:creator>
		<guid isPermaLink="false">http://demo.qodeinteractive.com/elision/wp-content/uploads/2013/12/elision-video2.mp4</guid>
		<description></description>
		<content:encoded><![CDATA[]]></content:encoded>
		<excerpt:encoded><![CDATA[]]></excerpt:encoded>
		<wp:post_id>6763</wp:post_id>
		<wp:post_date>2013-12-13 13:51:29</wp:post_date>
		<wp:post_date_gmt>2013-12-13 13:51:29</wp:post_date_gmt>
		<wp:comment_status>open</wp:comment_status>
		<wp:ping_status>open</wp:ping_status>
		<wp:post_name>elision-video2</wp:post_name>
		<wp:status>inherit</wp:status>
		<wp:post_parent>0</wp:post_parent>
		<wp:menu_order>0</wp:menu_order>
		<wp:post_type>attachment</wp:post_type>
		<wp:post_password></wp:post_password>
		<wp:is_sticky>0</wp:is_sticky>
		<wp:attachment_url>http://demo.qodeinteractive.com/elision/wp-content/uploads/2013/12/elision-video2.mp4</wp:attachment_url>
		<wp:postmeta>
			<wp:meta_key>_wp_attached_file</wp:meta_key>
			<wp:meta_value><![CDATA[2013/12/elision-video2.mp4]]></wp:meta_value>
		</wp:postmeta>
		<wp:postmeta>
			<wp:meta_key>_wp_attachment_metadata</wp:meta_key>
			<wp:meta_value><![CDATA[a:9:{s:8:"filesize";i:1295903;s:9:"mime_type";s:15:"video/quicktime";s:6:"length";i:4;s:16:"length_formatted";s:4:"0:04";s:5:"width";i:1280;s:6:"height";i:720;s:10:"fileformat";s:3:"mp4";s:10:"dataformat";s:9:"quicktime";s:5:"audio";a:7:{s:10:"dataformat";s:3:"mp4";s:5:"codec";s:19:"ISO/IEC 14496-3 AAC";s:11:"sample_rate";d:44100;s:8:"channels";i:2;s:15:"bits_per_sample";i:16;s:8:"lossless";b:0;s:11:"channelmode";s:6:"stereo";}}]]></wp:meta_value>
		</wp:postmeta>
	</item>

	<item>
				<title>elision-video2</title>
		<link>http://demo.qodeinteractive.com/elision/?attachment_id=6764</link>
		<pubDate>Fri, 13 Dec 2013 13:51:36 +0000</pubDate>
		<dc:creator><![CDATA[admin]]></dc:creator>
		<guid isPermaLink="false">http://demo.qodeinteractive.com/elision/wp-content/uploads/2013/12/elision-video2.ogv</guid>
		<description></description>
		<content:encoded><![CDATA[]]></content:encoded>
		<excerpt:encoded><![CDATA[]]></excerpt:encoded>
		<wp:post_id>6764</wp:post_id>
		<wp:post_date>2013-12-13 13:51:36</wp:post_date>
		<wp:post_date_gmt>2013-12-13 13:51:36</wp:post_date_gmt>
		<wp:comment_status>open</wp:comment_status>
		<wp:ping_status>open</wp:ping_status>
		<wp:post_name>elision-video2-2</wp:post_name>
		<wp:status>inherit</wp:status>
		<wp:post_parent>0</wp:post_parent>
		<wp:menu_order>0</wp:menu_order>
		<wp:post_type>attachment</wp:post_type>
		<wp:post_password></wp:post_password>
		<wp:is_sticky>0</wp:is_sticky>
		<wp:attachment_url>http://demo.qodeinteractive.com/elision/wp-content/uploads/2013/12/elision-video2.ogv</wp:attachment_url>
		<wp:postmeta>
			<wp:meta_key>_wp_attached_file</wp:meta_key>
			<wp:meta_value><![CDATA[2013/12/elision-video2.ogv]]></wp:meta_value>
		</wp:postmeta>
		<wp:postmeta>
			<wp:meta_key>_wp_attachment_metadata</wp:meta_key>
			<wp:meta_value><![CDATA[a:2:{s:8:"filesize";i:1028331;s:10:"fileformat";s:3:"ogg";}]]></wp:meta_value>
		</wp:postmeta>
	</item>

	<item>
				<title>elision-video2</title>
		<link>http://demo.qodeinteractive.com/elision/?attachment_id=6765</link>
		<pubDate>Fri, 13 Dec 2013 13:51:51 +0000</pubDate>
		<dc:creator><![CDATA[admin]]></dc:creator>
		<guid isPermaLink="false">http://demo.qodeinteractive.com/elision/wp-content/uploads/2013/12/elision-video2.webm</guid>
		<description></description>
		<content:encoded><![CDATA[]]></content:encoded>
		<excerpt:encoded><![CDATA[]]></excerpt:encoded>
		<wp:post_id>6765</wp:post_id>
		<wp:post_date>2013-12-13 13:51:51</wp:post_date>
		<wp:post_date_gmt>2013-12-13 13:51:51</wp:post_date_gmt>
		<wp:comment_status>open</wp:comment_status>
		<wp:ping_status>open</wp:ping_status>
		<wp:post_name>elision-video2-3</wp:post_name>
		<wp:status>inherit</wp:status>
		<wp:post_parent>0</wp:post_parent>
		<wp:menu_order>0</wp:menu_order>
		<wp:post_type>attachment</wp:post_type>
		<wp:post_password></wp:post_password>
		<wp:is_sticky>0</wp:is_sticky>
		<wp:attachment_url>http://demo.qodeinteractive.com/elision/wp-content/uploads/2013/12/elision-video2.webm</wp:attachment_url>
		<wp:postmeta>
			<wp:meta_key>_wp_attached_file</wp:meta_key>
			<wp:meta_value><![CDATA[2013/12/elision-video2.webm]]></wp:meta_value>
		</wp:postmeta>
		<wp:postmeta>
			<wp:meta_key>_wp_attachment_metadata</wp:meta_key>
			<wp:meta_value><![CDATA[a:10:{s:7:"bitrate";i:4882316;s:8:"filesize";i:2455681;s:9:"mime_type";s:10:"video/webm";s:6:"length";i:4;s:16:"length_formatted";s:4:"0:04";s:5:"width";i:1280;s:6:"height";i:720;s:10:"fileformat";s:8:"matroska";s:10:"dataformat";s:3:"vp8";s:5:"audio";a:10:{s:10:"dataformat";s:6:"vorbis";s:11:"sample_rate";i:44100;s:8:"channels";i:2;s:8:"language";s:3:"und";s:15:"bits_per_sample";i:16;s:8:"lossless";b:0;s:12:"bitrate_mode";s:3:"abr";s:7:"bitrate";i:128000;s:11:"channelmode";s:6:"stereo";s:17:"compression_ratio";d:0.090702947845804988;}}]]></wp:meta_value>
		</wp:postmeta>
	</item>

	<item>
				<title>elision-video2</title>
		<link>http://demo.qodeinteractive.com/elision/new-page-3/elision-video2-4/</link>
		<pubDate>Fri, 13 Dec 2013 13:58:28 +0000</pubDate>
		<dc:creator><![CDATA[admin]]></dc:creator>
		<guid isPermaLink="false">http://demo.qodeinteractive.com/elision/wp-content/uploads/2013/12/elision-video2.jpg</guid>
		<description></description>
		<content:encoded><![CDATA[]]></content:encoded>
		<excerpt:encoded><![CDATA[]]></excerpt:encoded>
		<wp:post_id>6766</wp:post_id>
		<wp:post_date>2013-12-13 13:58:28</wp:post_date>
		<wp:post_date_gmt>2013-12-13 13:58:28</wp:post_date_gmt>
		<wp:comment_status>open</wp:comment_status>
		<wp:ping_status>open</wp:ping_status>
		<wp:post_name>elision-video2-4</wp:post_name>
		<wp:status>inherit</wp:status>
		<wp:post_parent>6700</wp:post_parent>
		<wp:menu_order>0</wp:menu_order>
		<wp:post_type>attachment</wp:post_type>
		<wp:post_password></wp:post_password>
		<wp:is_sticky>0</wp:is_sticky>
		<wp:attachment_url>http://demo.qodeinteractive.com/elision/wp-content/uploads/2013/12/elision-video2.jpg</wp:attachment_url>
		<wp:postmeta>
			<wp:meta_key>_wp_attached_file</wp:meta_key>
			<wp:meta_value><![CDATA[2013/12/elision-video2.jpg]]></wp:meta_value>
		</wp:postmeta>
		<wp:postmeta>
			<wp:meta_key>_wp_attachment_metadata</wp:meta_key>
			<wp:meta_value><![CDATA[a:5:{s:5:"width";i:1280;s:6:"height";i:720;s:4:"file";s:26:"2013/12/elision-video2.jpg";s:5:"sizes";a:10:{s:9:"thumbnail";a:4:{s:4:"file";s:26:"elision-video2-150x150.jpg";s:5:"width";i:150;s:6:"height";i:150;s:9:"mime-type";s:10:"image/jpeg";}s:6:"medium";a:4:{s:4:"file";s:26:"elision-video2-300x168.jpg";s:5:"width";i:300;s:6:"height";i:168;s:9:"mime-type";s:10:"image/jpeg";}s:5:"large";a:4:{s:4:"file";s:27:"elision-video2-1024x576.jpg";s:5:"width";i:1024;s:6:"height";i:576;s:9:"mime-type";s:10:"image/jpeg";}s:16:"portfolio-square";a:4:{s:4:"file";s:26:"elision-video2-520x520.jpg";s:5:"width";i:520;s:6:"height";i:520;s:9:"mime-type";s:10:"image/jpeg";}s:18:"menu-featured-post";a:4:{s:4:"file";s:26:"elision-video2-345x198.jpg";s:5:"width";i:345;s:6:"height";i:198;s:9:"mime-type";s:10:"image/jpeg";}s:20:"qode-carousel_slider";a:4:{s:4:"file";s:26:"elision-video2-400x260.jpg";s:5:"width";i:400;s:6:"height";i:260;s:9:"mime-type";s:10:"image/jpeg";}s:16:"portfolio_slider";a:4:{s:4:"file";s:26:"elision-video2-480x320.jpg";s:5:"width";i:480;s:6:"height";i:320;s:9:"mime-type";s:10:"image/jpeg";}s:14:"shop_thumbnail";a:4:{s:4:"file";s:25:"elision-video2-137x77.jpg";s:5:"width";i:137;s:6:"height";i:77;s:9:"mime-type";s:10:"image/jpeg";}s:12:"shop_catalog";a:4:{s:4:"file";s:26:"elision-video2-250x140.jpg";s:5:"width";i:250;s:6:"height";i:140;s:9:"mime-type";s:10:"image/jpeg";}s:11:"shop_single";a:4:{s:4:"file";s:26:"elision-video2-520x292.jpg";s:5:"width";i:520;s:6:"height";i:292;s:9:"mime-type";s:10:"image/jpeg";}}s:10:"image_meta";a:10:{s:8:"aperture";i:0;s:6:"credit";s:0:"";s:6:"camera";s:0:"";s:7:"caption";s:0:"";s:17:"created_timestamp";i:0;s:9:"copyright";s:0:"";s:12:"focal_length";i:0;s:3:"iso";i:0;s:13:"shutter_speed";i:0;s:5:"title";s:0:"";}}]]></wp:meta_value>
		</wp:postmeta>
		<wp:postmeta>
			<wp:meta_key>_wp_attachment_image_alt</wp:meta_key>
			<wp:meta_value><![CDATA[qode interactive elision]]></wp:meta_value>
		</wp:postmeta>
		<wp:postmeta>
			<wp:meta_key>_edit_last</wp:meta_key>
			<wp:meta_value><![CDATA[1]]></wp:meta_value>
		</wp:postmeta>
	</item>

	<item>
				<title>cannon</title>
		<link>http://demo.qodeinteractive.com/elision/welcome-to-elision-theme/cannon/</link>
		<pubDate>Fri, 13 Dec 2013 14:36:21 +0000</pubDate>
		<dc:creator><![CDATA[admin]]></dc:creator>
		<guid isPermaLink="false">http://demo.qodeinteractive.com/elision/wp-content/uploads/2013/12/cannon.png</guid>
		<description></description>
		<content:encoded><![CDATA[]]></content:encoded>
		<excerpt:encoded><![CDATA[]]></excerpt:encoded>
		<wp:post_id>6779</wp:post_id>
		<wp:post_date>2013-12-13 14:36:21</wp:post_date>
		<wp:post_date_gmt>2013-12-13 14:36:21</wp:post_date_gmt>
		<wp:comment_status>open</wp:comment_status>
		<wp:ping_status>open</wp:ping_status>
		<wp:post_name>cannon</wp:post_name>
		<wp:status>inherit</wp:status>
		<wp:post_parent>6777</wp:post_parent>
		<wp:menu_order>0</wp:menu_order>
		<wp:post_type>attachment</wp:post_type>
		<wp:post_password></wp:post_password>
		<wp:is_sticky>0</wp:is_sticky>
		<wp:attachment_url>http://demo.qodeinteractive.com/elision/wp-content/uploads/2013/12/cannon.png</wp:attachment_url>
		<wp:postmeta>
			<wp:meta_key>_wp_attached_file</wp:meta_key>
			<wp:meta_value><![CDATA[2013/12/cannon.png]]></wp:meta_value>
		</wp:postmeta>
		<wp:postmeta>
			<wp:meta_key>_wp_attachment_metadata</wp:meta_key>
			<wp:meta_value><![CDATA[a:5:{s:5:"width";i:401;s:6:"height";i:305;s:4:"file";s:18:"2013/12/cannon.png";s:5:"sizes";a:6:{s:9:"thumbnail";a:4:{s:4:"file";s:18:"cannon-150x150.png";s:5:"width";i:150;s:6:"height";i:150;s:9:"mime-type";s:9:"image/png";}s:6:"medium";a:4:{s:4:"file";s:18:"cannon-300x228.png";s:5:"width";i:300;s:6:"height";i:228;s:9:"mime-type";s:9:"image/png";}s:18:"menu-featured-post";a:4:{s:4:"file";s:18:"cannon-345x198.png";s:5:"width";i:345;s:6:"height";i:198;s:9:"mime-type";s:9:"image/png";}s:20:"qode-carousel_slider";a:4:{s:4:"file";s:18:"cannon-400x260.png";s:5:"width";i:400;s:6:"height";i:260;s:9:"mime-type";s:9:"image/png";}s:14:"shop_thumbnail";a:4:{s:4:"file";s:18:"cannon-137x104.png";s:5:"width";i:137;s:6:"height";i:104;s:9:"mime-type";s:9:"image/png";}s:12:"shop_catalog";a:4:{s:4:"file";s:18:"cannon-250x190.png";s:5:"width";i:250;s:6:"height";i:190;s:9:"mime-type";s:9:"image/png";}}s:10:"image_meta";a:10:{s:8:"aperture";i:0;s:6:"credit";s:0:"";s:6:"camera";s:0:"";s:7:"caption";s:0:"";s:17:"created_timestamp";i:0;s:9:"copyright";s:0:"";s:12:"focal_length";i:0;s:3:"iso";i:0;s:13:"shutter_speed";i:0;s:5:"title";s:0:"";}}]]></wp:meta_value>
		</wp:postmeta>
		<wp:postmeta>
			<wp:meta_key>_wp_attachment_image_alt</wp:meta_key>
			<wp:meta_value><![CDATA[qode interactive elision]]></wp:meta_value>
		</wp:postmeta>
		<wp:postmeta>
			<wp:meta_key>_edit_last</wp:meta_key>
			<wp:meta_value><![CDATA[1]]></wp:meta_value>
		</wp:postmeta>
	</item>

	<item>
				<title>zoom6</title>
		<link>http://demo.qodeinteractive.com/elision/?attachment_id=6803</link>
		<pubDate>Fri, 13 Dec 2013 15:23:48 +0000</pubDate>
		<dc:creator><![CDATA[admin]]></dc:creator>
		<guid isPermaLink="false">http://demo.qodeinteractive.com/elision/wp-content/uploads/2013/12/zoom61.jpg</guid>
		<description></description>
		<content:encoded><![CDATA[]]></content:encoded>
		<excerpt:encoded><![CDATA[]]></excerpt:encoded>
		<wp:post_id>6803</wp:post_id>
		<wp:post_date>2013-12-13 15:23:48</wp:post_date>
		<wp:post_date_gmt>2013-12-13 15:23:48</wp:post_date_gmt>
		<wp:comment_status>open</wp:comment_status>
		<wp:ping_status>open</wp:ping_status>
		<wp:post_name>zoom6-2</wp:post_name>
		<wp:status>inherit</wp:status>
		<wp:post_parent>0</wp:post_parent>
		<wp:menu_order>0</wp:menu_order>
		<wp:post_type>attachment</wp:post_type>
		<wp:post_password></wp:post_password>
		<wp:is_sticky>0</wp:is_sticky>
		<wp:attachment_url>http://demo.qodeinteractive.com/elision/wp-content/uploads/2013/12/zoom61.jpg</wp:attachment_url>
		<wp:postmeta>
			<wp:meta_key>_wp_attached_file</wp:meta_key>
			<wp:meta_value><![CDATA[2013/12/zoom61.jpg]]></wp:meta_value>
		</wp:postmeta>
		<wp:postmeta>
			<wp:meta_key>_wp_attachment_metadata</wp:meta_key>
			<wp:meta_value><![CDATA[a:5:{s:5:"width";i:2500;s:6:"height";i:1200;s:4:"file";s:18:"2013/12/zoom61.jpg";s:5:"sizes";a:10:{s:9:"thumbnail";a:4:{s:4:"file";s:18:"zoom61-150x150.jpg";s:5:"width";i:150;s:6:"height";i:150;s:9:"mime-type";s:10:"image/jpeg";}s:6:"medium";a:4:{s:4:"file";s:18:"zoom61-300x144.jpg";s:5:"width";i:300;s:6:"height";i:144;s:9:"mime-type";s:10:"image/jpeg";}s:5:"large";a:4:{s:4:"file";s:19:"zoom61-1024x491.jpg";s:5:"width";i:1024;s:6:"height";i:491;s:9:"mime-type";s:10:"image/jpeg";}s:16:"portfolio-square";a:4:{s:4:"file";s:18:"zoom61-520x520.jpg";s:5:"width";i:520;s:6:"height";i:520;s:9:"mime-type";s:10:"image/jpeg";}s:18:"menu-featured-post";a:4:{s:4:"file";s:18:"zoom61-345x198.jpg";s:5:"width";i:345;s:6:"height";i:198;s:9:"mime-type";s:10:"image/jpeg";}s:20:"qode-carousel_slider";a:4:{s:4:"file";s:18:"zoom61-400x260.jpg";s:5:"width";i:400;s:6:"height";i:260;s:9:"mime-type";s:10:"image/jpeg";}s:16:"portfolio_slider";a:4:{s:4:"file";s:18:"zoom61-480x320.jpg";s:5:"width";i:480;s:6:"height";i:320;s:9:"mime-type";s:10:"image/jpeg";}s:14:"shop_thumbnail";a:4:{s:4:"file";s:17:"zoom61-137x65.jpg";s:5:"width";i:137;s:6:"height";i:65;s:9:"mime-type";s:10:"image/jpeg";}s:12:"shop_catalog";a:4:{s:4:"file";s:18:"zoom61-250x120.jpg";s:5:"width";i:250;s:6:"height";i:120;s:9:"mime-type";s:10:"image/jpeg";}s:11:"shop_single";a:4:{s:4:"file";s:18:"zoom61-520x249.jpg";s:5:"width";i:520;s:6:"height";i:249;s:9:"mime-type";s:10:"image/jpeg";}}s:10:"image_meta";a:10:{s:8:"aperture";i:0;s:6:"credit";s:0:"";s:6:"camera";s:0:"";s:7:"caption";s:0:"";s:17:"created_timestamp";i:0;s:9:"copyright";s:0:"";s:12:"focal_length";i:0;s:3:"iso";i:0;s:13:"shutter_speed";i:0;s:5:"title";s:0:"";}}]]></wp:meta_value>
		</wp:postmeta>
	</item>

	<item>
				<title>zoom6</title>
		<link>http://demo.qodeinteractive.com/elision/?attachment_id=6805</link>
		<pubDate>Fri, 13 Dec 2013 15:25:16 +0000</pubDate>
		<dc:creator><![CDATA[admin]]></dc:creator>
		<guid isPermaLink="false">http://demo.qodeinteractive.com/elision/wp-content/uploads/2013/12/zoom62.jpg</guid>
		<description></description>
		<content:encoded><![CDATA[]]></content:encoded>
		<excerpt:encoded><![CDATA[]]></excerpt:encoded>
		<wp:post_id>6805</wp:post_id>
		<wp:post_date>2013-12-13 15:25:16</wp:post_date>
		<wp:post_date_gmt>2013-12-13 15:25:16</wp:post_date_gmt>
		<wp:comment_status>open</wp:comment_status>
		<wp:ping_status>open</wp:ping_status>
		<wp:post_name>zoom6-3</wp:post_name>
		<wp:status>inherit</wp:status>
		<wp:post_parent>0</wp:post_parent>
		<wp:menu_order>0</wp:menu_order>
		<wp:post_type>attachment</wp:post_type>
		<wp:post_password></wp:post_password>
		<wp:is_sticky>0</wp:is_sticky>
		<wp:attachment_url>http://demo.qodeinteractive.com/elision/wp-content/uploads/2013/12/zoom62.jpg</wp:attachment_url>
		<wp:postmeta>
			<wp:meta_key>_wp_attached_file</wp:meta_key>
			<wp:meta_value><![CDATA[2013/12/zoom62.jpg]]></wp:meta_value>
		</wp:postmeta>
		<wp:postmeta>
			<wp:meta_key>_wp_attachment_metadata</wp:meta_key>
			<wp:meta_value><![CDATA[a:5:{s:5:"width";i:2850;s:6:"height";i:1200;s:4:"file";s:18:"2013/12/zoom62.jpg";s:5:"sizes";a:10:{s:9:"thumbnail";a:4:{s:4:"file";s:18:"zoom62-150x150.jpg";s:5:"width";i:150;s:6:"height";i:150;s:9:"mime-type";s:10:"image/jpeg";}s:6:"medium";a:4:{s:4:"file";s:18:"zoom62-300x126.jpg";s:5:"width";i:300;s:6:"height";i:126;s:9:"mime-type";s:10:"image/jpeg";}s:5:"large";a:4:{s:4:"file";s:19:"zoom62-1024x431.jpg";s:5:"width";i:1024;s:6:"height";i:431;s:9:"mime-type";s:10:"image/jpeg";}s:16:"portfolio-square";a:4:{s:4:"file";s:18:"zoom62-520x520.jpg";s:5:"width";i:520;s:6:"height";i:520;s:9:"mime-type";s:10:"image/jpeg";}s:18:"menu-featured-post";a:4:{s:4:"file";s:18:"zoom62-345x198.jpg";s:5:"width";i:345;s:6:"height";i:198;s:9:"mime-type";s:10:"image/jpeg";}s:20:"qode-carousel_slider";a:4:{s:4:"file";s:18:"zoom62-400x260.jpg";s:5:"width";i:400;s:6:"height";i:260;s:9:"mime-type";s:10:"image/jpeg";}s:16:"portfolio_slider";a:4:{s:4:"file";s:18:"zoom62-480x320.jpg";s:5:"width";i:480;s:6:"height";i:320;s:9:"mime-type";s:10:"image/jpeg";}s:14:"shop_thumbnail";a:4:{s:4:"file";s:17:"zoom62-137x57.jpg";s:5:"width";i:137;s:6:"height";i:57;s:9:"mime-type";s:10:"image/jpeg";}s:12:"shop_catalog";a:4:{s:4:"file";s:18:"zoom62-250x105.jpg";s:5:"width";i:250;s:6:"height";i:105;s:9:"mime-type";s:10:"image/jpeg";}s:11:"shop_single";a:4:{s:4:"file";s:18:"zoom62-520x218.jpg";s:5:"width";i:520;s:6:"height";i:218;s:9:"mime-type";s:10:"image/jpeg";}}s:10:"image_meta";a:10:{s:8:"aperture";i:0;s:6:"credit";s:0:"";s:6:"camera";s:0:"";s:7:"caption";s:0:"";s:17:"created_timestamp";i:0;s:9:"copyright";s:0:"";s:12:"focal_length";i:0;s:3:"iso";i:0;s:13:"shutter_speed";i:0;s:5:"title";s:0:"";}}]]></wp:meta_value>
		</wp:postmeta>
	</item>

</channel>
</rss>
