<?xml version="1.0" encoding="UTF-8" ?>
<!-- This is a WordPress eXtended RSS file generated by WordPress as an export of your site. -->
<!-- It contains information about your site's posts, pages, comments, categories, and other content. -->
<!-- You may use this file to transfer that content from one site to another. -->
<!-- This file is not intended to serve as a complete backup of your site. -->

<!-- To import this information into a WordPress site follow these steps: -->
<!-- 1. Log in to that site as an administrator. -->
<!-- 2. Go to Tools: Import in the WordPress admin panel. -->
<!-- 3. Install the "WordPress" importer from the list. -->
<!-- 4. Activate & Run Importer. -->
<!-- 5. Upload this file using the form provided on that page. -->
<!-- 6. You will first be asked to map the authors in this export file to users -->
<!--    on the site. For each author, you may choose to map to an -->
<!--    existing user on the site or to create a new user. -->
<!-- 7. WordPress will then import each of the posts, pages, comments, categories, etc. -->
<!--    contained in this file into your site. -->

<!-- generator="WordPress/3.7.1" created="2014-01-28 20:47" -->
<rss version="2.0"
	xmlns:excerpt="http://wordpress.org/export/1.2/excerpt/"
	xmlns:content="http://purl.org/rss/1.0/modules/content/"
	xmlns:wfw="http://wellformedweb.org/CommentAPI/"
	xmlns:dc="http://purl.org/dc/elements/1.1/"
	xmlns:wp="http://wordpress.org/export/1.2/"
>

<channel>
	<title>Elision</title>
	<link>http://demo.qodeinteractive.com/elision</link>
	<description>Responsive Multi-Purpose WordPress Theme</description>
	<pubDate>Tue, 28 Jan 2014 20:47:02 +0000</pubDate>
	<language>en-US</language>
	<wp:wxr_version>1.2</wp:wxr_version>
	<wp:base_site_url>http://demo.qodeinteractive.com/elision</wp:base_site_url>
	<wp:base_blog_url>http://demo.qodeinteractive.com/elision</wp:base_blog_url>

	<wp:author><wp:author_id>1</wp:author_id><wp:author_login>admin</wp:author_login><wp:author_email>support@qodeinteractive.com</wp:author_email><wp:author_display_name><![CDATA[admin]]></wp:author_display_name><wp:author_first_name><![CDATA[Qode]]></wp:author_first_name><wp:author_last_name><![CDATA[Interactive]]></wp:author_last_name></wp:author>

	<wp:category><wp:term_id>17</wp:term_id><wp:category_nicename>art</wp:category_nicename><wp:category_parent></wp:category_parent><wp:cat_name><![CDATA[Art]]></wp:cat_name></wp:category>
	<wp:category><wp:term_id>2</wp:term_id><wp:category_nicename>business</wp:category_nicename><wp:category_parent></wp:category_parent><wp:cat_name><![CDATA[Business]]></wp:cat_name></wp:category>
	<wp:category><wp:term_id>39</wp:term_id><wp:category_nicename>design</wp:category_nicename><wp:category_parent></wp:category_parent><wp:cat_name><![CDATA[Design]]></wp:cat_name></wp:category>
	<wp:category><wp:term_id>40</wp:term_id><wp:category_nicename>music</wp:category_nicename><wp:category_parent></wp:category_parent><wp:cat_name><![CDATA[Music]]></wp:cat_name></wp:category>
	<wp:category><wp:term_id>5</wp:term_id><wp:category_nicename>photography</wp:category_nicename><wp:category_parent></wp:category_parent><wp:cat_name><![CDATA[Photography]]></wp:cat_name></wp:category>
	<wp:category><wp:term_id>10</wp:term_id><wp:category_nicename>sport</wp:category_nicename><wp:category_parent></wp:category_parent><wp:cat_name><![CDATA[Sport]]></wp:cat_name></wp:category>
	<wp:category><wp:term_id>1</wp:term_id><wp:category_nicename>uncategorized</wp:category_nicename><wp:category_parent></wp:category_parent><wp:cat_name><![CDATA[Uncategorized]]></wp:cat_name></wp:category>
	<wp:tag><wp:term_id>14</wp:term_id><wp:tag_slug>audio</wp:tag_slug><wp:tag_name><![CDATA[Audio]]></wp:tag_name></wp:tag>
	<wp:tag><wp:term_id>2</wp:term_id><wp:tag_slug>business</wp:tag_slug><wp:tag_name><![CDATA[Business]]></wp:tag_name></wp:tag>
	<wp:tag><wp:term_id>16</wp:term_id><wp:tag_slug>development</wp:tag_slug><wp:tag_name><![CDATA[Development]]></wp:tag_name></wp:tag>
	<wp:tag><wp:term_id>7</wp:term_id><wp:tag_slug>opportunities</wp:tag_slug><wp:tag_name><![CDATA[Opportunities]]></wp:tag_name></wp:tag>
	<wp:tag><wp:term_id>10</wp:term_id><wp:tag_slug>sport</wp:tag_slug><wp:tag_name><![CDATA[Sport]]></wp:tag_name></wp:tag>
	<wp:tag><wp:term_id>4</wp:term_id><wp:tag_slug>stress</wp:tag_slug><wp:tag_name><![CDATA[Stress]]></wp:tag_name></wp:tag>
	<wp:tag><wp:term_id>15</wp:term_id><wp:tag_slug>swimming</wp:tag_slug><wp:tag_name><![CDATA[Swimming]]></wp:tag_name></wp:tag>
	<wp:tag><wp:term_id>13</wp:term_id><wp:tag_slug>video</wp:tag_slug><wp:tag_name><![CDATA[Video]]></wp:tag_name></wp:tag>
	<wp:tag><wp:term_id>9</wp:term_id><wp:tag_slug>web-design</wp:tag_slug><wp:tag_name><![CDATA[Web Design]]></wp:tag_name></wp:tag>
	<wp:term><wp:term_id>44</wp:term_id><wp:term_taxonomy>carousels_category</wp:term_taxonomy><wp:term_slug>about-long-carousel</wp:term_slug><wp:term_parent></wp:term_parent><wp:term_name><![CDATA[About Us Long Carousel]]></wp:term_name></wp:term>
	<wp:term><wp:term_id>45</wp:term_id><wp:term_taxonomy>slides_category</wp:term_taxonomy><wp:term_slug>about-us-slider</wp:term_slug><wp:term_parent></wp:term_parent><wp:term_name><![CDATA[About Us Slider]]></wp:term_name></wp:term>
	<wp:term><wp:term_id>52</wp:term_id><wp:term_taxonomy>product_tag</wp:term_taxonomy><wp:term_slug>accessories-2</wp:term_slug><wp:term_parent></wp:term_parent><wp:term_name><![CDATA[accessories]]></wp:term_name></wp:term>
	<wp:term><wp:term_id>17</wp:term_id><wp:term_taxonomy>portfolio_category</wp:term_taxonomy><wp:term_slug>art</wp:term_slug><wp:term_parent></wp:term_parent><wp:term_name><![CDATA[Art]]></wp:term_name></wp:term>
	<wp:term><wp:term_id>70</wp:term_id><wp:term_taxonomy>product_tag</wp:term_taxonomy><wp:term_slug>bags</wp:term_slug><wp:term_parent></wp:term_parent><wp:term_name><![CDATA[bags]]></wp:term_name></wp:term>
	<wp:term><wp:term_id>54</wp:term_id><wp:term_taxonomy>product_tag</wp:term_taxonomy><wp:term_slug>beauty-2</wp:term_slug><wp:term_parent></wp:term_parent><wp:term_name><![CDATA[beauty]]></wp:term_name></wp:term>
	<wp:term><wp:term_id>68</wp:term_id><wp:term_taxonomy>product_tag</wp:term_taxonomy><wp:term_slug>boots</wp:term_slug><wp:term_parent></wp:term_parent><wp:term_name><![CDATA[boots]]></wp:term_name></wp:term>
	<wp:term><wp:term_id>62</wp:term_id><wp:term_taxonomy>product_tag</wp:term_taxonomy><wp:term_slug>brightening</wp:term_slug><wp:term_parent></wp:term_parent><wp:term_name><![CDATA[brightening]]></wp:term_name></wp:term>
	<wp:term><wp:term_id>2</wp:term_id><wp:term_taxonomy>portfolio_category</wp:term_taxonomy><wp:term_slug>business</wp:term_slug><wp:term_parent></wp:term_parent><wp:term_name><![CDATA[Business]]></wp:term_name></wp:term>
	<wp:term><wp:term_id>30</wp:term_id><wp:term_taxonomy>shop_order_status</wp:term_taxonomy><wp:term_slug>cancelled</wp:term_slug><wp:term_parent></wp:term_parent><wp:term_name><![CDATA[cancelled]]></wp:term_name></wp:term>
	<wp:term><wp:term_id>60</wp:term_id><wp:term_taxonomy>product_tag</wp:term_taxonomy><wp:term_slug>casual-shoes</wp:term_slug><wp:term_parent></wp:term_parent><wp:term_name><![CDATA[casual shoes]]></wp:term_name></wp:term>
	<wp:term><wp:term_id>47</wp:term_id><wp:term_taxonomy>carousels_category</wp:term_taxonomy><wp:term_slug>clients-clean</wp:term_slug><wp:term_parent></wp:term_parent><wp:term_name><![CDATA[Clients Clean]]></wp:term_name></wp:term>
	<wp:term><wp:term_id>53</wp:term_id><wp:term_taxonomy>product_tag</wp:term_taxonomy><wp:term_slug>clothing-2</wp:term_slug><wp:term_parent></wp:term_parent><wp:term_name><![CDATA[clothing]]></wp:term_name></wp:term>
	<wp:term><wp:term_id>63</wp:term_id><wp:term_taxonomy>product_tag</wp:term_taxonomy><wp:term_slug>coat</wp:term_slug><wp:term_parent></wp:term_parent><wp:term_name><![CDATA[coat]]></wp:term_name></wp:term>
	<wp:term><wp:term_id>28</wp:term_id><wp:term_taxonomy>shop_order_status</wp:term_taxonomy><wp:term_slug>completed</wp:term_slug><wp:term_parent></wp:term_parent><wp:term_name><![CDATA[completed]]></wp:term_name></wp:term>
	<wp:term><wp:term_id>67</wp:term_id><wp:term_taxonomy>product_tag</wp:term_taxonomy><wp:term_slug>designer</wp:term_slug><wp:term_parent></wp:term_parent><wp:term_name><![CDATA[designer]]></wp:term_name></wp:term>
	<wp:term><wp:term_id>66</wp:term_id><wp:term_taxonomy>product_tag</wp:term_taxonomy><wp:term_slug>dress</wp:term_slug><wp:term_parent></wp:term_parent><wp:term_name><![CDATA[dress]]></wp:term_name></wp:term>
	<wp:term><wp:term_id>23</wp:term_id><wp:term_taxonomy>product_type</wp:term_taxonomy><wp:term_slug>external</wp:term_slug><wp:term_parent></wp:term_parent><wp:term_name><![CDATA[external]]></wp:term_name></wp:term>
	<wp:term><wp:term_id>55</wp:term_id><wp:term_taxonomy>product_tag</wp:term_taxonomy><wp:term_slug>eye-care</wp:term_slug><wp:term_parent></wp:term_parent><wp:term_name><![CDATA[eye care]]></wp:term_name></wp:term>
	<wp:term><wp:term_id>25</wp:term_id><wp:term_taxonomy>shop_order_status</wp:term_taxonomy><wp:term_slug>failed</wp:term_slug><wp:term_parent></wp:term_parent><wp:term_name><![CDATA[failed]]></wp:term_name></wp:term>
	<wp:term><wp:term_id>59</wp:term_id><wp:term_taxonomy>product_tag</wp:term_taxonomy><wp:term_slug>glass-set</wp:term_slug><wp:term_parent></wp:term_parent><wp:term_name><![CDATA[glass set]]></wp:term_name></wp:term>
	<wp:term><wp:term_id>21</wp:term_id><wp:term_taxonomy>product_type</wp:term_taxonomy><wp:term_slug>grouped</wp:term_slug><wp:term_parent></wp:term_parent><wp:term_name><![CDATA[grouped]]></wp:term_name></wp:term>
	<wp:term><wp:term_id>42</wp:term_id><wp:term_taxonomy>carousels_category</wp:term_taxonomy><wp:term_slug>home-carousel</wp:term_slug><wp:term_parent></wp:term_parent><wp:term_name><![CDATA[Home Carousel]]></wp:term_name></wp:term>
	<wp:term><wp:term_id>41</wp:term_id><wp:term_taxonomy>slides_category</wp:term_taxonomy><wp:term_slug>home-slider</wp:term_slug><wp:term_parent></wp:term_parent><wp:term_name><![CDATA[Home Slider]]></wp:term_name></wp:term>
	<wp:term><wp:term_id>46</wp:term_id><wp:term_taxonomy>slides_category</wp:term_taxonomy><wp:term_slug>home-slider-2</wp:term_slug><wp:term_parent></wp:term_parent><wp:term_name><![CDATA[Home Slider 2]]></wp:term_name></wp:term>
	<wp:term><wp:term_id>71</wp:term_id><wp:term_taxonomy>slides_category</wp:term_taxonomy><wp:term_slug>home-slider-video</wp:term_slug><wp:term_parent></wp:term_parent><wp:term_name><![CDATA[Home Slider Video]]></wp:term_name></wp:term>
	<wp:term><wp:term_id>64</wp:term_id><wp:term_taxonomy>product_tag</wp:term_taxonomy><wp:term_slug>jacket</wp:term_slug><wp:term_parent></wp:term_parent><wp:term_name><![CDATA[jacket]]></wp:term_name></wp:term>
	<wp:term><wp:term_id>58</wp:term_id><wp:term_taxonomy>product_tag</wp:term_taxonomy><wp:term_slug>jackets</wp:term_slug><wp:term_parent></wp:term_parent><wp:term_name><![CDATA[jackets]]></wp:term_name></wp:term>
	<wp:term><wp:term_id>33</wp:term_id><wp:term_taxonomy>product_tag</wp:term_taxonomy><wp:term_slug>mountain</wp:term_slug><wp:term_parent></wp:term_parent><wp:term_name><![CDATA[Mountain]]></wp:term_name></wp:term>
	<wp:term><wp:term_id>26</wp:term_id><wp:term_taxonomy>shop_order_status</wp:term_taxonomy><wp:term_slug>on-hold</wp:term_slug><wp:term_parent></wp:term_parent><wp:term_name><![CDATA[on-hold]]></wp:term_name></wp:term>
	<wp:term><wp:term_id>69</wp:term_id><wp:term_taxonomy>product_tag</wp:term_taxonomy><wp:term_slug>pants</wp:term_slug><wp:term_parent></wp:term_parent><wp:term_name><![CDATA[pants]]></wp:term_name></wp:term>
	<wp:term><wp:term_id>24</wp:term_id><wp:term_taxonomy>shop_order_status</wp:term_taxonomy><wp:term_slug>pending</wp:term_slug><wp:term_parent></wp:term_parent><wp:term_name><![CDATA[pending]]></wp:term_name></wp:term>
	<wp:term><wp:term_id>5</wp:term_id><wp:term_taxonomy>portfolio_category</wp:term_taxonomy><wp:term_slug>photography</wp:term_slug><wp:term_parent></wp:term_parent><wp:term_name><![CDATA[Photography]]></wp:term_name></wp:term>
	<wp:term><wp:term_id>27</wp:term_id><wp:term_taxonomy>shop_order_status</wp:term_taxonomy><wp:term_slug>processing</wp:term_slug><wp:term_parent></wp:term_parent><wp:term_name><![CDATA[processing]]></wp:term_name></wp:term>
	<wp:term><wp:term_id>29</wp:term_id><wp:term_taxonomy>shop_order_status</wp:term_taxonomy><wp:term_slug>refunded</wp:term_slug><wp:term_parent></wp:term_parent><wp:term_name><![CDATA[refunded]]></wp:term_name></wp:term>
	<wp:term><wp:term_id>34</wp:term_id><wp:term_taxonomy>product_tag</wp:term_taxonomy><wp:term_slug>running</wp:term_slug><wp:term_parent></wp:term_parent><wp:term_name><![CDATA[Running]]></wp:term_name></wp:term>
	<wp:term><wp:term_id>36</wp:term_id><wp:term_taxonomy>product_tag</wp:term_taxonomy><wp:term_slug>shirt</wp:term_slug><wp:term_parent></wp:term_parent><wp:term_name><![CDATA[Shirt]]></wp:term_name></wp:term>
	<wp:term><wp:term_id>35</wp:term_id><wp:term_taxonomy>product_tag</wp:term_taxonomy><wp:term_slug>shoes</wp:term_slug><wp:term_parent></wp:term_parent><wp:term_name><![CDATA[Shoes]]></wp:term_name></wp:term>
	<wp:term><wp:term_id>20</wp:term_id><wp:term_taxonomy>product_type</wp:term_taxonomy><wp:term_slug>simple</wp:term_slug><wp:term_parent></wp:term_parent><wp:term_name><![CDATA[simple]]></wp:term_name></wp:term>
	<wp:term><wp:term_id>32</wp:term_id><wp:term_taxonomy>product_tag</wp:term_taxonomy><wp:term_slug>ski</wp:term_slug><wp:term_parent></wp:term_parent><wp:term_name><![CDATA[Ski]]></wp:term_name></wp:term>
	<wp:term><wp:term_id>31</wp:term_id><wp:term_taxonomy>product_cat</wp:term_taxonomy><wp:term_slug>skiing</wp:term_slug><wp:term_parent></wp:term_parent><wp:term_name><![CDATA[Skiing]]></wp:term_name></wp:term>
	<wp:term><wp:term_id>61</wp:term_id><wp:term_taxonomy>product_tag</wp:term_taxonomy><wp:term_slug>skin-care</wp:term_slug><wp:term_parent></wp:term_parent><wp:term_name><![CDATA[skin care]]></wp:term_name></wp:term>
	<wp:term><wp:term_id>65</wp:term_id><wp:term_taxonomy>product_tag</wp:term_taxonomy><wp:term_slug>sport-shoes</wp:term_slug><wp:term_parent></wp:term_parent><wp:term_name><![CDATA[sport shoes]]></wp:term_name></wp:term>
	<wp:term><wp:term_id>56</wp:term_id><wp:term_taxonomy>product_tag</wp:term_taxonomy><wp:term_slug>ties</wp:term_slug><wp:term_parent></wp:term_parent><wp:term_name><![CDATA[ties]]></wp:term_name></wp:term>
	<wp:term><wp:term_id>22</wp:term_id><wp:term_taxonomy>product_type</wp:term_taxonomy><wp:term_slug>variable</wp:term_slug><wp:term_parent></wp:term_parent><wp:term_name><![CDATA[variable]]></wp:term_name></wp:term>
	<wp:term><wp:term_id>57</wp:term_id><wp:term_taxonomy>product_tag</wp:term_taxonomy><wp:term_slug>watches</wp:term_slug><wp:term_parent></wp:term_parent><wp:term_name><![CDATA[watches]]></wp:term_name></wp:term>
	<wp:term><wp:term_id>37</wp:term_id><wp:term_taxonomy>product_tag</wp:term_taxonomy><wp:term_slug>workout</wp:term_slug><wp:term_parent></wp:term_parent><wp:term_name><![CDATA[Workout]]></wp:term_name></wp:term>
	<wp:term><wp:term_id>49</wp:term_id><wp:term_taxonomy>product_cat</wp:term_taxonomy><wp:term_slug>accessories</wp:term_slug><wp:term_parent></wp:term_parent><wp:term_name><![CDATA[Accessories]]></wp:term_name></wp:term>
	<wp:term><wp:term_id>50</wp:term_id><wp:term_taxonomy>product_cat</wp:term_taxonomy><wp:term_slug>beauty</wp:term_slug><wp:term_parent></wp:term_parent><wp:term_name><![CDATA[Beauty]]></wp:term_name></wp:term>
	<wp:term><wp:term_id>48</wp:term_id><wp:term_taxonomy>product_cat</wp:term_taxonomy><wp:term_slug>clothing</wp:term_slug><wp:term_parent></wp:term_parent><wp:term_name><![CDATA[Clothing]]></wp:term_name></wp:term>
	<wp:term><wp:term_id>51</wp:term_id><wp:term_taxonomy>product_cat</wp:term_taxonomy><wp:term_slug>home</wp:term_slug><wp:term_parent></wp:term_parent><wp:term_name><![CDATA[Home]]></wp:term_name></wp:term>
	<wp:term><wp:term_id>18</wp:term_id><wp:term_taxonomy>nav_menu</wp:term_taxonomy><wp:term_slug>top_menu</wp:term_slug><wp:term_name><![CDATA[top_menu]]></wp:term_name></wp:term>
	<wp:term><wp:term_id>19</wp:term_id><wp:term_taxonomy>nav_menu</wp:term_taxonomy><wp:term_slug>footer_menu</wp:term_slug><wp:term_name><![CDATA[footer_menu]]></wp:term_name></wp:term>

	<generator>http://wordpress.org/?v=3.7.1</generator>

	
	<item>
				<title>p-project1-01</title>
		<link>http://demo.qodeinteractive.com/elision/?attachment_id=2845</link>
		<pubDate>Wed, 30 Oct 2013 14:26:26 +0000</pubDate>
		<dc:creator><![CDATA[admin]]></dc:creator>
		<guid isPermaLink="false">http://demo.qodeinteractive.com/elision/wp-content/uploads/2013/10/p-project1-01.jpg</guid>
		<description></description>
		<content:encoded><![CDATA[]]></content:encoded>
		<excerpt:encoded><![CDATA[]]></excerpt:encoded>
		<wp:post_id>2845</wp:post_id>
		<wp:post_date>2013-10-30 14:26:26</wp:post_date>
		<wp:post_date_gmt>2013-10-30 14:26:26</wp:post_date_gmt>
		<wp:comment_status>open</wp:comment_status>
		<wp:ping_status>open</wp:ping_status>
		<wp:post_name>p-project1-01</wp:post_name>
		<wp:status>inherit</wp:status>
		<wp:post_parent>0</wp:post_parent>
		<wp:menu_order>0</wp:menu_order>
		<wp:post_type>attachment</wp:post_type>
		<wp:post_password></wp:post_password>
		<wp:is_sticky>0</wp:is_sticky>
		<wp:attachment_url>http://demo.qodeinteractive.com/elision/wp-content/uploads/2013/10/p-project1-01.jpg</wp:attachment_url>
		<wp:postmeta>
			<wp:meta_key>_wp_attached_file</wp:meta_key>
			<wp:meta_value><![CDATA[2013/10/p-project1-01.jpg]]></wp:meta_value>
		</wp:postmeta>
		<wp:postmeta>
			<wp:meta_key>_wp_attachment_metadata</wp:meta_key>
			<wp:meta_value><![CDATA[a:5:{s:5:"width";i:1100;s:6:"height";i:619;s:4:"file";s:25:"2013/10/p-project1-01.jpg";s:5:"sizes";a:10:{s:9:"thumbnail";a:4:{s:4:"file";s:25:"p-project1-01-150x150.jpg";s:5:"width";i:150;s:6:"height";i:150;s:9:"mime-type";s:10:"image/jpeg";}s:6:"medium";a:4:{s:4:"file";s:25:"p-project1-01-300x168.jpg";s:5:"width";i:300;s:6:"height";i:168;s:9:"mime-type";s:10:"image/jpeg";}s:5:"large";a:4:{s:4:"file";s:26:"p-project1-01-1024x576.jpg";s:5:"width";i:1024;s:6:"height";i:576;s:9:"mime-type";s:10:"image/jpeg";}s:16:"portfolio-square";a:4:{s:4:"file";s:25:"p-project1-01-520x520.jpg";s:5:"width";i:520;s:6:"height";i:520;s:9:"mime-type";s:10:"image/jpeg";}s:18:"menu-featured-post";a:4:{s:4:"file";s:25:"p-project1-01-345x198.jpg";s:5:"width";i:345;s:6:"height";i:198;s:9:"mime-type";s:10:"image/jpeg";}s:20:"qode-carousel_slider";a:4:{s:4:"file";s:25:"p-project1-01-400x260.jpg";s:5:"width";i:400;s:6:"height";i:260;s:9:"mime-type";s:10:"image/jpeg";}s:16:"portfolio_slider";a:4:{s:4:"file";s:25:"p-project1-01-480x320.jpg";s:5:"width";i:480;s:6:"height";i:320;s:9:"mime-type";s:10:"image/jpeg";}s:14:"shop_thumbnail";a:4:{s:4:"file";s:24:"p-project1-01-137x77.jpg";s:5:"width";i:137;s:6:"height";i:77;s:9:"mime-type";s:10:"image/jpeg";}s:12:"shop_catalog";a:4:{s:4:"file";s:25:"p-project1-01-250x140.jpg";s:5:"width";i:250;s:6:"height";i:140;s:9:"mime-type";s:10:"image/jpeg";}s:11:"shop_single";a:4:{s:4:"file";s:25:"p-project1-01-520x292.jpg";s:5:"width";i:520;s:6:"height";i:292;s:9:"mime-type";s:10:"image/jpeg";}}s:10:"image_meta";a:10:{s:8:"aperture";i:0;s:6:"credit";s:0:"";s:6:"camera";s:0:"";s:7:"caption";s:0:"";s:17:"created_timestamp";i:0;s:9:"copyright";s:0:"";s:12:"focal_length";i:0;s:3:"iso";i:0;s:13:"shutter_speed";i:0;s:5:"title";s:0:"";}}]]></wp:meta_value>
		</wp:postmeta>
		<wp:postmeta>
			<wp:meta_key>_wp_attachment_image_alt</wp:meta_key>
			<wp:meta_value><![CDATA[qode interactive elision]]></wp:meta_value>
		</wp:postmeta>
		<wp:postmeta>
			<wp:meta_key>_edit_last</wp:meta_key>
			<wp:meta_value><![CDATA[1]]></wp:meta_value>
		</wp:postmeta>
	</item>

	<item>
				<title>p-project1-02</title>
		<link>http://demo.qodeinteractive.com/elision/?attachment_id=2846</link>
		<pubDate>Wed, 30 Oct 2013 14:26:27 +0000</pubDate>
		<dc:creator><![CDATA[admin]]></dc:creator>
		<guid isPermaLink="false">http://demo.qodeinteractive.com/elision/wp-content/uploads/2013/10/p-project1-02.jpg</guid>
		<description></description>
		<content:encoded><![CDATA[]]></content:encoded>
		<excerpt:encoded><![CDATA[]]></excerpt:encoded>
		<wp:post_id>2846</wp:post_id>
		<wp:post_date>2013-10-30 14:26:27</wp:post_date>
		<wp:post_date_gmt>2013-10-30 14:26:27</wp:post_date_gmt>
		<wp:comment_status>open</wp:comment_status>
		<wp:ping_status>open</wp:ping_status>
		<wp:post_name>p-project1-02</wp:post_name>
		<wp:status>inherit</wp:status>
		<wp:post_parent>0</wp:post_parent>
		<wp:menu_order>0</wp:menu_order>
		<wp:post_type>attachment</wp:post_type>
		<wp:post_password></wp:post_password>
		<wp:is_sticky>0</wp:is_sticky>
		<wp:attachment_url>http://demo.qodeinteractive.com/elision/wp-content/uploads/2013/10/p-project1-02.jpg</wp:attachment_url>
		<wp:postmeta>
			<wp:meta_key>_wp_attached_file</wp:meta_key>
			<wp:meta_value><![CDATA[2013/10/p-project1-02.jpg]]></wp:meta_value>
		</wp:postmeta>
		<wp:postmeta>
			<wp:meta_key>_wp_attachment_metadata</wp:meta_key>
			<wp:meta_value><![CDATA[a:5:{s:5:"width";i:1100;s:6:"height";i:619;s:4:"file";s:25:"2013/10/p-project1-02.jpg";s:5:"sizes";a:10:{s:9:"thumbnail";a:4:{s:4:"file";s:25:"p-project1-02-150x150.jpg";s:5:"width";i:150;s:6:"height";i:150;s:9:"mime-type";s:10:"image/jpeg";}s:6:"medium";a:4:{s:4:"file";s:25:"p-project1-02-300x168.jpg";s:5:"width";i:300;s:6:"height";i:168;s:9:"mime-type";s:10:"image/jpeg";}s:5:"large";a:4:{s:4:"file";s:26:"p-project1-02-1024x576.jpg";s:5:"width";i:1024;s:6:"height";i:576;s:9:"mime-type";s:10:"image/jpeg";}s:16:"portfolio-square";a:4:{s:4:"file";s:25:"p-project1-02-520x520.jpg";s:5:"width";i:520;s:6:"height";i:520;s:9:"mime-type";s:10:"image/jpeg";}s:18:"menu-featured-post";a:4:{s:4:"file";s:25:"p-project1-02-345x198.jpg";s:5:"width";i:345;s:6:"height";i:198;s:9:"mime-type";s:10:"image/jpeg";}s:20:"qode-carousel_slider";a:4:{s:4:"file";s:25:"p-project1-02-400x260.jpg";s:5:"width";i:400;s:6:"height";i:260;s:9:"mime-type";s:10:"image/jpeg";}s:16:"portfolio_slider";a:4:{s:4:"file";s:25:"p-project1-02-480x320.jpg";s:5:"width";i:480;s:6:"height";i:320;s:9:"mime-type";s:10:"image/jpeg";}s:14:"shop_thumbnail";a:4:{s:4:"file";s:24:"p-project1-02-137x77.jpg";s:5:"width";i:137;s:6:"height";i:77;s:9:"mime-type";s:10:"image/jpeg";}s:12:"shop_catalog";a:4:{s:4:"file";s:25:"p-project1-02-250x140.jpg";s:5:"width";i:250;s:6:"height";i:140;s:9:"mime-type";s:10:"image/jpeg";}s:11:"shop_single";a:4:{s:4:"file";s:25:"p-project1-02-520x292.jpg";s:5:"width";i:520;s:6:"height";i:292;s:9:"mime-type";s:10:"image/jpeg";}}s:10:"image_meta";a:10:{s:8:"aperture";i:0;s:6:"credit";s:0:"";s:6:"camera";s:0:"";s:7:"caption";s:0:"";s:17:"created_timestamp";i:0;s:9:"copyright";s:0:"";s:12:"focal_length";i:0;s:3:"iso";i:0;s:13:"shutter_speed";i:0;s:5:"title";s:0:"";}}]]></wp:meta_value>
		</wp:postmeta>
	</item>

	<item>
				<title>p-project1-03</title>
		<link>http://demo.qodeinteractive.com/elision/?attachment_id=2847</link>
		<pubDate>Wed, 30 Oct 2013 14:26:28 +0000</pubDate>
		<dc:creator><![CDATA[admin]]></dc:creator>
		<guid isPermaLink="false">http://demo.qodeinteractive.com/elision/wp-content/uploads/2013/10/p-project1-03.jpg</guid>
		<description></description>
		<content:encoded><![CDATA[]]></content:encoded>
		<excerpt:encoded><![CDATA[]]></excerpt:encoded>
		<wp:post_id>2847</wp:post_id>
		<wp:post_date>2013-10-30 14:26:28</wp:post_date>
		<wp:post_date_gmt>2013-10-30 14:26:28</wp:post_date_gmt>
		<wp:comment_status>open</wp:comment_status>
		<wp:ping_status>open</wp:ping_status>
		<wp:post_name>p-project1-03</wp:post_name>
		<wp:status>inherit</wp:status>
		<wp:post_parent>0</wp:post_parent>
		<wp:menu_order>0</wp:menu_order>
		<wp:post_type>attachment</wp:post_type>
		<wp:post_password></wp:post_password>
		<wp:is_sticky>0</wp:is_sticky>
		<wp:attachment_url>http://demo.qodeinteractive.com/elision/wp-content/uploads/2013/10/p-project1-03.jpg</wp:attachment_url>
		<wp:postmeta>
			<wp:meta_key>_wp_attached_file</wp:meta_key>
			<wp:meta_value><![CDATA[2013/10/p-project1-03.jpg]]></wp:meta_value>
		</wp:postmeta>
		<wp:postmeta>
			<wp:meta_key>_wp_attachment_metadata</wp:meta_key>
			<wp:meta_value><![CDATA[a:5:{s:5:"width";i:1100;s:6:"height";i:619;s:4:"file";s:25:"2013/10/p-project1-03.jpg";s:5:"sizes";a:10:{s:9:"thumbnail";a:4:{s:4:"file";s:25:"p-project1-03-150x150.jpg";s:5:"width";i:150;s:6:"height";i:150;s:9:"mime-type";s:10:"image/jpeg";}s:6:"medium";a:4:{s:4:"file";s:25:"p-project1-03-300x168.jpg";s:5:"width";i:300;s:6:"height";i:168;s:9:"mime-type";s:10:"image/jpeg";}s:5:"large";a:4:{s:4:"file";s:26:"p-project1-03-1024x576.jpg";s:5:"width";i:1024;s:6:"height";i:576;s:9:"mime-type";s:10:"image/jpeg";}s:16:"portfolio-square";a:4:{s:4:"file";s:25:"p-project1-03-520x520.jpg";s:5:"width";i:520;s:6:"height";i:520;s:9:"mime-type";s:10:"image/jpeg";}s:18:"menu-featured-post";a:4:{s:4:"file";s:25:"p-project1-03-345x198.jpg";s:5:"width";i:345;s:6:"height";i:198;s:9:"mime-type";s:10:"image/jpeg";}s:20:"qode-carousel_slider";a:4:{s:4:"file";s:25:"p-project1-03-400x260.jpg";s:5:"width";i:400;s:6:"height";i:260;s:9:"mime-type";s:10:"image/jpeg";}s:16:"portfolio_slider";a:4:{s:4:"file";s:25:"p-project1-03-480x320.jpg";s:5:"width";i:480;s:6:"height";i:320;s:9:"mime-type";s:10:"image/jpeg";}s:14:"shop_thumbnail";a:4:{s:4:"file";s:24:"p-project1-03-137x77.jpg";s:5:"width";i:137;s:6:"height";i:77;s:9:"mime-type";s:10:"image/jpeg";}s:12:"shop_catalog";a:4:{s:4:"file";s:25:"p-project1-03-250x140.jpg";s:5:"width";i:250;s:6:"height";i:140;s:9:"mime-type";s:10:"image/jpeg";}s:11:"shop_single";a:4:{s:4:"file";s:25:"p-project1-03-520x292.jpg";s:5:"width";i:520;s:6:"height";i:292;s:9:"mime-type";s:10:"image/jpeg";}}s:10:"image_meta";a:10:{s:8:"aperture";i:0;s:6:"credit";s:0:"";s:6:"camera";s:0:"";s:7:"caption";s:0:"";s:17:"created_timestamp";i:0;s:9:"copyright";s:0:"";s:12:"focal_length";i:0;s:3:"iso";i:0;s:13:"shutter_speed";i:0;s:5:"title";s:0:"";}}]]></wp:meta_value>
		</wp:postmeta>
	</item>

	<item>
				<title>p-project2-01</title>
		<link>http://demo.qodeinteractive.com/elision/?attachment_id=2848</link>
		<pubDate>Wed, 30 Oct 2013 14:27:29 +0000</pubDate>
		<dc:creator><![CDATA[admin]]></dc:creator>
		<guid isPermaLink="false">http://demo.qodeinteractive.com/elision/wp-content/uploads/2013/10/p-project2-01.jpg</guid>
		<description></description>
		<content:encoded><![CDATA[]]></content:encoded>
		<excerpt:encoded><![CDATA[]]></excerpt:encoded>
		<wp:post_id>2848</wp:post_id>
		<wp:post_date>2013-10-30 14:27:29</wp:post_date>
		<wp:post_date_gmt>2013-10-30 14:27:29</wp:post_date_gmt>
		<wp:comment_status>open</wp:comment_status>
		<wp:ping_status>open</wp:ping_status>
		<wp:post_name>p-project2-01</wp:post_name>
		<wp:status>inherit</wp:status>
		<wp:post_parent>0</wp:post_parent>
		<wp:menu_order>0</wp:menu_order>
		<wp:post_type>attachment</wp:post_type>
		<wp:post_password></wp:post_password>
		<wp:is_sticky>0</wp:is_sticky>
		<wp:attachment_url>http://demo.qodeinteractive.com/elision/wp-content/uploads/2013/10/p-project2-01.jpg</wp:attachment_url>
		<wp:postmeta>
			<wp:meta_key>_wp_attached_file</wp:meta_key>
			<wp:meta_value><![CDATA[2013/10/p-project2-01.jpg]]></wp:meta_value>
		</wp:postmeta>
		<wp:postmeta>
			<wp:meta_key>_wp_attachment_metadata</wp:meta_key>
			<wp:meta_value><![CDATA[a:5:{s:5:"width";i:1100;s:6:"height";i:620;s:4:"file";s:25:"2013/10/p-project2-01.jpg";s:5:"sizes";a:10:{s:9:"thumbnail";a:4:{s:4:"file";s:25:"p-project2-01-150x150.jpg";s:5:"width";i:150;s:6:"height";i:150;s:9:"mime-type";s:10:"image/jpeg";}s:6:"medium";a:4:{s:4:"file";s:25:"p-project2-01-300x169.jpg";s:5:"width";i:300;s:6:"height";i:169;s:9:"mime-type";s:10:"image/jpeg";}s:5:"large";a:4:{s:4:"file";s:26:"p-project2-01-1024x577.jpg";s:5:"width";i:1024;s:6:"height";i:577;s:9:"mime-type";s:10:"image/jpeg";}s:16:"portfolio-square";a:4:{s:4:"file";s:25:"p-project2-01-520x520.jpg";s:5:"width";i:520;s:6:"height";i:520;s:9:"mime-type";s:10:"image/jpeg";}s:18:"menu-featured-post";a:4:{s:4:"file";s:25:"p-project2-01-345x198.jpg";s:5:"width";i:345;s:6:"height";i:198;s:9:"mime-type";s:10:"image/jpeg";}s:20:"qode-carousel_slider";a:4:{s:4:"file";s:25:"p-project2-01-400x260.jpg";s:5:"width";i:400;s:6:"height";i:260;s:9:"mime-type";s:10:"image/jpeg";}s:16:"portfolio_slider";a:4:{s:4:"file";s:25:"p-project2-01-480x320.jpg";s:5:"width";i:480;s:6:"height";i:320;s:9:"mime-type";s:10:"image/jpeg";}s:14:"shop_thumbnail";a:4:{s:4:"file";s:24:"p-project2-01-137x77.jpg";s:5:"width";i:137;s:6:"height";i:77;s:9:"mime-type";s:10:"image/jpeg";}s:12:"shop_catalog";a:4:{s:4:"file";s:25:"p-project2-01-250x140.jpg";s:5:"width";i:250;s:6:"height";i:140;s:9:"mime-type";s:10:"image/jpeg";}s:11:"shop_single";a:4:{s:4:"file";s:25:"p-project2-01-520x293.jpg";s:5:"width";i:520;s:6:"height";i:293;s:9:"mime-type";s:10:"image/jpeg";}}s:10:"image_meta";a:10:{s:8:"aperture";i:0;s:6:"credit";s:0:"";s:6:"camera";s:0:"";s:7:"caption";s:0:"";s:17:"created_timestamp";i:0;s:9:"copyright";s:0:"";s:12:"focal_length";i:0;s:3:"iso";i:0;s:13:"shutter_speed";i:0;s:5:"title";s:0:"";}}]]></wp:meta_value>
		</wp:postmeta>
		<wp:postmeta>
			<wp:meta_key>_qode-like</wp:meta_key>
			<wp:meta_value><![CDATA[0]]></wp:meta_value>
		</wp:postmeta>
	</item>

	<item>
				<title>p-project2-02</title>
		<link>http://demo.qodeinteractive.com/elision/?attachment_id=2849</link>
		<pubDate>Wed, 30 Oct 2013 14:27:43 +0000</pubDate>
		<dc:creator><![CDATA[admin]]></dc:creator>
		<guid isPermaLink="false">http://demo.qodeinteractive.com/elision/wp-content/uploads/2013/10/p-project2-02.jpg</guid>
		<description></description>
		<content:encoded><![CDATA[]]></content:encoded>
		<excerpt:encoded><![CDATA[]]></excerpt:encoded>
		<wp:post_id>2849</wp:post_id>
		<wp:post_date>2013-10-30 14:27:43</wp:post_date>
		<wp:post_date_gmt>2013-10-30 14:27:43</wp:post_date_gmt>
		<wp:comment_status>open</wp:comment_status>
		<wp:ping_status>open</wp:ping_status>
		<wp:post_name>p-project2-02</wp:post_name>
		<wp:status>inherit</wp:status>
		<wp:post_parent>0</wp:post_parent>
		<wp:menu_order>0</wp:menu_order>
		<wp:post_type>attachment</wp:post_type>
		<wp:post_password></wp:post_password>
		<wp:is_sticky>0</wp:is_sticky>
		<wp:attachment_url>http://demo.qodeinteractive.com/elision/wp-content/uploads/2013/10/p-project2-02.jpg</wp:attachment_url>
		<wp:postmeta>
			<wp:meta_key>_wp_attached_file</wp:meta_key>
			<wp:meta_value><![CDATA[2013/10/p-project2-02.jpg]]></wp:meta_value>
		</wp:postmeta>
		<wp:postmeta>
			<wp:meta_key>_wp_attachment_metadata</wp:meta_key>
			<wp:meta_value><![CDATA[a:5:{s:5:"width";i:1100;s:6:"height";i:620;s:4:"file";s:25:"2013/10/p-project2-02.jpg";s:5:"sizes";a:10:{s:9:"thumbnail";a:4:{s:4:"file";s:25:"p-project2-02-150x150.jpg";s:5:"width";i:150;s:6:"height";i:150;s:9:"mime-type";s:10:"image/jpeg";}s:6:"medium";a:4:{s:4:"file";s:25:"p-project2-02-300x169.jpg";s:5:"width";i:300;s:6:"height";i:169;s:9:"mime-type";s:10:"image/jpeg";}s:5:"large";a:4:{s:4:"file";s:26:"p-project2-02-1024x577.jpg";s:5:"width";i:1024;s:6:"height";i:577;s:9:"mime-type";s:10:"image/jpeg";}s:16:"portfolio-square";a:4:{s:4:"file";s:25:"p-project2-02-520x520.jpg";s:5:"width";i:520;s:6:"height";i:520;s:9:"mime-type";s:10:"image/jpeg";}s:18:"menu-featured-post";a:4:{s:4:"file";s:25:"p-project2-02-345x198.jpg";s:5:"width";i:345;s:6:"height";i:198;s:9:"mime-type";s:10:"image/jpeg";}s:20:"qode-carousel_slider";a:4:{s:4:"file";s:25:"p-project2-02-400x260.jpg";s:5:"width";i:400;s:6:"height";i:260;s:9:"mime-type";s:10:"image/jpeg";}s:16:"portfolio_slider";a:4:{s:4:"file";s:25:"p-project2-02-480x320.jpg";s:5:"width";i:480;s:6:"height";i:320;s:9:"mime-type";s:10:"image/jpeg";}s:14:"shop_thumbnail";a:4:{s:4:"file";s:24:"p-project2-02-137x77.jpg";s:5:"width";i:137;s:6:"height";i:77;s:9:"mime-type";s:10:"image/jpeg";}s:12:"shop_catalog";a:4:{s:4:"file";s:25:"p-project2-02-250x140.jpg";s:5:"width";i:250;s:6:"height";i:140;s:9:"mime-type";s:10:"image/jpeg";}s:11:"shop_single";a:4:{s:4:"file";s:25:"p-project2-02-520x293.jpg";s:5:"width";i:520;s:6:"height";i:293;s:9:"mime-type";s:10:"image/jpeg";}}s:10:"image_meta";a:10:{s:8:"aperture";i:0;s:6:"credit";s:0:"";s:6:"camera";s:0:"";s:7:"caption";s:0:"";s:17:"created_timestamp";i:0;s:9:"copyright";s:0:"";s:12:"focal_length";i:0;s:3:"iso";i:0;s:13:"shutter_speed";i:0;s:5:"title";s:0:"";}}]]></wp:meta_value>
		</wp:postmeta>
	</item>

	<item>
				<title>p-project2-03</title>
		<link>http://demo.qodeinteractive.com/elision/?attachment_id=2850</link>
		<pubDate>Wed, 30 Oct 2013 14:27:55 +0000</pubDate>
		<dc:creator><![CDATA[admin]]></dc:creator>
		<guid isPermaLink="false">http://demo.qodeinteractive.com/elision/wp-content/uploads/2013/10/p-project2-03.jpg</guid>
		<description></description>
		<content:encoded><![CDATA[]]></content:encoded>
		<excerpt:encoded><![CDATA[]]></excerpt:encoded>
		<wp:post_id>2850</wp:post_id>
		<wp:post_date>2013-10-30 14:27:55</wp:post_date>
		<wp:post_date_gmt>2013-10-30 14:27:55</wp:post_date_gmt>
		<wp:comment_status>open</wp:comment_status>
		<wp:ping_status>open</wp:ping_status>
		<wp:post_name>p-project2-03</wp:post_name>
		<wp:status>inherit</wp:status>
		<wp:post_parent>0</wp:post_parent>
		<wp:menu_order>0</wp:menu_order>
		<wp:post_type>attachment</wp:post_type>
		<wp:post_password></wp:post_password>
		<wp:is_sticky>0</wp:is_sticky>
		<wp:attachment_url>http://demo.qodeinteractive.com/elision/wp-content/uploads/2013/10/p-project2-03.jpg</wp:attachment_url>
		<wp:postmeta>
			<wp:meta_key>_wp_attached_file</wp:meta_key>
			<wp:meta_value><![CDATA[2013/10/p-project2-03.jpg]]></wp:meta_value>
		</wp:postmeta>
		<wp:postmeta>
			<wp:meta_key>_wp_attachment_metadata</wp:meta_key>
			<wp:meta_value><![CDATA[a:5:{s:5:"width";i:1100;s:6:"height";i:620;s:4:"file";s:25:"2013/10/p-project2-03.jpg";s:5:"sizes";a:10:{s:9:"thumbnail";a:4:{s:4:"file";s:25:"p-project2-03-150x150.jpg";s:5:"width";i:150;s:6:"height";i:150;s:9:"mime-type";s:10:"image/jpeg";}s:6:"medium";a:4:{s:4:"file";s:25:"p-project2-03-300x169.jpg";s:5:"width";i:300;s:6:"height";i:169;s:9:"mime-type";s:10:"image/jpeg";}s:5:"large";a:4:{s:4:"file";s:26:"p-project2-03-1024x577.jpg";s:5:"width";i:1024;s:6:"height";i:577;s:9:"mime-type";s:10:"image/jpeg";}s:16:"portfolio-square";a:4:{s:4:"file";s:25:"p-project2-03-520x520.jpg";s:5:"width";i:520;s:6:"height";i:520;s:9:"mime-type";s:10:"image/jpeg";}s:18:"menu-featured-post";a:4:{s:4:"file";s:25:"p-project2-03-345x198.jpg";s:5:"width";i:345;s:6:"height";i:198;s:9:"mime-type";s:10:"image/jpeg";}s:20:"qode-carousel_slider";a:4:{s:4:"file";s:25:"p-project2-03-400x260.jpg";s:5:"width";i:400;s:6:"height";i:260;s:9:"mime-type";s:10:"image/jpeg";}s:16:"portfolio_slider";a:4:{s:4:"file";s:25:"p-project2-03-480x320.jpg";s:5:"width";i:480;s:6:"height";i:320;s:9:"mime-type";s:10:"image/jpeg";}s:14:"shop_thumbnail";a:4:{s:4:"file";s:24:"p-project2-03-137x77.jpg";s:5:"width";i:137;s:6:"height";i:77;s:9:"mime-type";s:10:"image/jpeg";}s:12:"shop_catalog";a:4:{s:4:"file";s:25:"p-project2-03-250x140.jpg";s:5:"width";i:250;s:6:"height";i:140;s:9:"mime-type";s:10:"image/jpeg";}s:11:"shop_single";a:4:{s:4:"file";s:25:"p-project2-03-520x293.jpg";s:5:"width";i:520;s:6:"height";i:293;s:9:"mime-type";s:10:"image/jpeg";}}s:10:"image_meta";a:10:{s:8:"aperture";i:0;s:6:"credit";s:0:"";s:6:"camera";s:0:"";s:7:"caption";s:0:"";s:17:"created_timestamp";i:0;s:9:"copyright";s:0:"";s:12:"focal_length";i:0;s:3:"iso";i:0;s:13:"shutter_speed";i:0;s:5:"title";s:0:"";}}]]></wp:meta_value>
		</wp:postmeta>
	</item>

	<item>
				<title>p-vimeo-fx-showreel--abstract-style-of-handler</title>
		<link>http://demo.qodeinteractive.com/elision/portfolio_page/vimeo-fx-showreel/p-vimeo-fx-showreel-abstract-style-of-handler/</link>
		<pubDate>Wed, 30 Oct 2013 14:28:52 +0000</pubDate>
		<dc:creator><![CDATA[admin]]></dc:creator>
		<guid isPermaLink="false">http://demo.qodeinteractive.com/elision/wp-content/uploads/2013/10/p-vimeo-fx-showreel-abstract-style-of-handler.jpg</guid>
		<description></description>
		<content:encoded><![CDATA[]]></content:encoded>
		<excerpt:encoded><![CDATA[]]></excerpt:encoded>
		<wp:post_id>2851</wp:post_id>
		<wp:post_date>2013-10-30 14:28:52</wp:post_date>
		<wp:post_date_gmt>2013-10-30 14:28:52</wp:post_date_gmt>
		<wp:comment_status>open</wp:comment_status>
		<wp:ping_status>open</wp:ping_status>
		<wp:post_name>p-vimeo-fx-showreel-abstract-style-of-handler</wp:post_name>
		<wp:status>inherit</wp:status>
		<wp:post_parent>167</wp:post_parent>
		<wp:menu_order>0</wp:menu_order>
		<wp:post_type>attachment</wp:post_type>
		<wp:post_password></wp:post_password>
		<wp:is_sticky>0</wp:is_sticky>
		<wp:attachment_url>http://demo.qodeinteractive.com/elision/wp-content/uploads/2013/10/p-vimeo-fx-showreel-abstract-style-of-handler.jpg</wp:attachment_url>
		<wp:postmeta>
			<wp:meta_key>_wp_attached_file</wp:meta_key>
			<wp:meta_value><![CDATA[2013/10/p-vimeo-fx-showreel-abstract-style-of-handler.jpg]]></wp:meta_value>
		</wp:postmeta>
		<wp:postmeta>
			<wp:meta_key>_wp_attachment_metadata</wp:meta_key>
			<wp:meta_value><![CDATA[a:5:{s:5:"width";i:707;s:6:"height";i:530;s:4:"file";s:57:"2013/10/p-vimeo-fx-showreel-abstract-style-of-handler.jpg";s:5:"sizes";a:9:{s:9:"thumbnail";a:4:{s:4:"file";s:57:"p-vimeo-fx-showreel-abstract-style-of-handler-150x150.jpg";s:5:"width";i:150;s:6:"height";i:150;s:9:"mime-type";s:10:"image/jpeg";}s:6:"medium";a:4:{s:4:"file";s:57:"p-vimeo-fx-showreel-abstract-style-of-handler-300x224.jpg";s:5:"width";i:300;s:6:"height";i:224;s:9:"mime-type";s:10:"image/jpeg";}s:16:"portfolio-square";a:4:{s:4:"file";s:57:"p-vimeo-fx-showreel-abstract-style-of-handler-520x520.jpg";s:5:"width";i:520;s:6:"height";i:520;s:9:"mime-type";s:10:"image/jpeg";}s:18:"menu-featured-post";a:4:{s:4:"file";s:57:"p-vimeo-fx-showreel-abstract-style-of-handler-345x198.jpg";s:5:"width";i:345;s:6:"height";i:198;s:9:"mime-type";s:10:"image/jpeg";}s:20:"qode-carousel_slider";a:4:{s:4:"file";s:57:"p-vimeo-fx-showreel-abstract-style-of-handler-400x260.jpg";s:5:"width";i:400;s:6:"height";i:260;s:9:"mime-type";s:10:"image/jpeg";}s:16:"portfolio_slider";a:4:{s:4:"file";s:57:"p-vimeo-fx-showreel-abstract-style-of-handler-480x320.jpg";s:5:"width";i:480;s:6:"height";i:320;s:9:"mime-type";s:10:"image/jpeg";}s:14:"shop_thumbnail";a:4:{s:4:"file";s:57:"p-vimeo-fx-showreel-abstract-style-of-handler-137x102.jpg";s:5:"width";i:137;s:6:"height";i:102;s:9:"mime-type";s:10:"image/jpeg";}s:12:"shop_catalog";a:4:{s:4:"file";s:57:"p-vimeo-fx-showreel-abstract-style-of-handler-250x187.jpg";s:5:"width";i:250;s:6:"height";i:187;s:9:"mime-type";s:10:"image/jpeg";}s:11:"shop_single";a:4:{s:4:"file";s:57:"p-vimeo-fx-showreel-abstract-style-of-handler-520x389.jpg";s:5:"width";i:520;s:6:"height";i:389;s:9:"mime-type";s:10:"image/jpeg";}}s:10:"image_meta";a:10:{s:8:"aperture";i:0;s:6:"credit";s:0:"";s:6:"camera";s:0:"";s:7:"caption";s:0:"";s:17:"created_timestamp";i:0;s:9:"copyright";s:0:"";s:12:"focal_length";i:0;s:3:"iso";i:0;s:13:"shutter_speed";i:0;s:5:"title";s:0:"";}}]]></wp:meta_value>
		</wp:postmeta>
	</item>

	<item>
				<title>p-der-spiegel-cover-art--luv-deluxe-3000</title>
		<link>http://demo.qodeinteractive.com/elision/portfolio_page/der-spiegel-cover-art/p-der-spiegel-cover-art-luv-deluxe-3000/</link>
		<pubDate>Wed, 30 Oct 2013 14:33:29 +0000</pubDate>
		<dc:creator><![CDATA[admin]]></dc:creator>
		<guid isPermaLink="false">http://demo.qodeinteractive.com/elision/wp-content/uploads/2013/10/p-der-spiegel-cover-art-luv-deluxe-3000.jpg</guid>
		<description></description>
		<content:encoded><![CDATA[]]></content:encoded>
		<excerpt:encoded><![CDATA[]]></excerpt:encoded>
		<wp:post_id>2852</wp:post_id>
		<wp:post_date>2013-10-30 14:33:29</wp:post_date>
		<wp:post_date_gmt>2013-10-30 14:33:29</wp:post_date_gmt>
		<wp:comment_status>open</wp:comment_status>
		<wp:ping_status>open</wp:ping_status>
		<wp:post_name>p-der-spiegel-cover-art-luv-deluxe-3000</wp:post_name>
		<wp:status>inherit</wp:status>
		<wp:post_parent>165</wp:post_parent>
		<wp:menu_order>0</wp:menu_order>
		<wp:post_type>attachment</wp:post_type>
		<wp:post_password></wp:post_password>
		<wp:is_sticky>0</wp:is_sticky>
		<wp:attachment_url>http://demo.qodeinteractive.com/elision/wp-content/uploads/2013/10/p-der-spiegel-cover-art-luv-deluxe-3000.jpg</wp:attachment_url>
		<wp:postmeta>
			<wp:meta_key>_wp_attached_file</wp:meta_key>
			<wp:meta_value><![CDATA[2013/10/p-der-spiegel-cover-art-luv-deluxe-3000.jpg]]></wp:meta_value>
		</wp:postmeta>
		<wp:postmeta>
			<wp:meta_key>_wp_attachment_metadata</wp:meta_key>
			<wp:meta_value><![CDATA[a:5:{s:5:"width";i:707;s:6:"height";i:530;s:4:"file";s:51:"2013/10/p-der-spiegel-cover-art-luv-deluxe-3000.jpg";s:5:"sizes";a:9:{s:9:"thumbnail";a:4:{s:4:"file";s:51:"p-der-spiegel-cover-art-luv-deluxe-3000-150x150.jpg";s:5:"width";i:150;s:6:"height";i:150;s:9:"mime-type";s:10:"image/jpeg";}s:6:"medium";a:4:{s:4:"file";s:51:"p-der-spiegel-cover-art-luv-deluxe-3000-300x224.jpg";s:5:"width";i:300;s:6:"height";i:224;s:9:"mime-type";s:10:"image/jpeg";}s:16:"portfolio-square";a:4:{s:4:"file";s:51:"p-der-spiegel-cover-art-luv-deluxe-3000-520x520.jpg";s:5:"width";i:520;s:6:"height";i:520;s:9:"mime-type";s:10:"image/jpeg";}s:18:"menu-featured-post";a:4:{s:4:"file";s:51:"p-der-spiegel-cover-art-luv-deluxe-3000-345x198.jpg";s:5:"width";i:345;s:6:"height";i:198;s:9:"mime-type";s:10:"image/jpeg";}s:20:"qode-carousel_slider";a:4:{s:4:"file";s:51:"p-der-spiegel-cover-art-luv-deluxe-3000-400x260.jpg";s:5:"width";i:400;s:6:"height";i:260;s:9:"mime-type";s:10:"image/jpeg";}s:16:"portfolio_slider";a:4:{s:4:"file";s:51:"p-der-spiegel-cover-art-luv-deluxe-3000-480x320.jpg";s:5:"width";i:480;s:6:"height";i:320;s:9:"mime-type";s:10:"image/jpeg";}s:14:"shop_thumbnail";a:4:{s:4:"file";s:51:"p-der-spiegel-cover-art-luv-deluxe-3000-137x102.jpg";s:5:"width";i:137;s:6:"height";i:102;s:9:"mime-type";s:10:"image/jpeg";}s:12:"shop_catalog";a:4:{s:4:"file";s:51:"p-der-spiegel-cover-art-luv-deluxe-3000-250x187.jpg";s:5:"width";i:250;s:6:"height";i:187;s:9:"mime-type";s:10:"image/jpeg";}s:11:"shop_single";a:4:{s:4:"file";s:51:"p-der-spiegel-cover-art-luv-deluxe-3000-520x389.jpg";s:5:"width";i:520;s:6:"height";i:389;s:9:"mime-type";s:10:"image/jpeg";}}s:10:"image_meta";a:10:{s:8:"aperture";i:0;s:6:"credit";s:0:"";s:6:"camera";s:0:"";s:7:"caption";s:0:"";s:17:"created_timestamp";i:0;s:9:"copyright";s:0:"";s:12:"focal_length";i:0;s:3:"iso";i:0;s:13:"shutter_speed";i:0;s:5:"title";s:0:"";}}]]></wp:meta_value>
		</wp:postmeta>
	</item>

	<item>
				<title>p-adventures-in-zonderland--67b-construction-studio</title>
		<link>http://demo.qodeinteractive.com/elision/?attachment_id=2853</link>
		<pubDate>Wed, 30 Oct 2013 14:35:10 +0000</pubDate>
		<dc:creator><![CDATA[admin]]></dc:creator>
		<guid isPermaLink="false">http://demo.qodeinteractive.com/elision/wp-content/uploads/2013/10/p-adventures-in-zonderland-67b-construction-studio.jpg</guid>
		<description></description>
		<content:encoded><![CDATA[]]></content:encoded>
		<excerpt:encoded><![CDATA[]]></excerpt:encoded>
		<wp:post_id>2853</wp:post_id>
		<wp:post_date>2013-10-30 14:35:10</wp:post_date>
		<wp:post_date_gmt>2013-10-30 14:35:10</wp:post_date_gmt>
		<wp:comment_status>open</wp:comment_status>
		<wp:ping_status>open</wp:ping_status>
		<wp:post_name>p-adventures-in-zonderland-67b-construction-studio</wp:post_name>
		<wp:status>inherit</wp:status>
		<wp:post_parent>0</wp:post_parent>
		<wp:menu_order>0</wp:menu_order>
		<wp:post_type>attachment</wp:post_type>
		<wp:post_password></wp:post_password>
		<wp:is_sticky>0</wp:is_sticky>
		<wp:attachment_url>http://demo.qodeinteractive.com/elision/wp-content/uploads/2013/10/p-adventures-in-zonderland-67b-construction-studio.jpg</wp:attachment_url>
		<wp:postmeta>
			<wp:meta_key>_wp_attached_file</wp:meta_key>
			<wp:meta_value><![CDATA[2013/10/p-adventures-in-zonderland-67b-construction-studio.jpg]]></wp:meta_value>
		</wp:postmeta>
		<wp:postmeta>
			<wp:meta_key>_wp_attachment_metadata</wp:meta_key>
			<wp:meta_value><![CDATA[a:5:{s:5:"width";i:707;s:6:"height";i:530;s:4:"file";s:62:"2013/10/p-adventures-in-zonderland-67b-construction-studio.jpg";s:5:"sizes";a:9:{s:9:"thumbnail";a:4:{s:4:"file";s:62:"p-adventures-in-zonderland-67b-construction-studio-150x150.jpg";s:5:"width";i:150;s:6:"height";i:150;s:9:"mime-type";s:10:"image/jpeg";}s:6:"medium";a:4:{s:4:"file";s:62:"p-adventures-in-zonderland-67b-construction-studio-300x224.jpg";s:5:"width";i:300;s:6:"height";i:224;s:9:"mime-type";s:10:"image/jpeg";}s:16:"portfolio-square";a:4:{s:4:"file";s:62:"p-adventures-in-zonderland-67b-construction-studio-520x520.jpg";s:5:"width";i:520;s:6:"height";i:520;s:9:"mime-type";s:10:"image/jpeg";}s:18:"menu-featured-post";a:4:{s:4:"file";s:62:"p-adventures-in-zonderland-67b-construction-studio-345x198.jpg";s:5:"width";i:345;s:6:"height";i:198;s:9:"mime-type";s:10:"image/jpeg";}s:20:"qode-carousel_slider";a:4:{s:4:"file";s:62:"p-adventures-in-zonderland-67b-construction-studio-400x260.jpg";s:5:"width";i:400;s:6:"height";i:260;s:9:"mime-type";s:10:"image/jpeg";}s:16:"portfolio_slider";a:4:{s:4:"file";s:62:"p-adventures-in-zonderland-67b-construction-studio-480x320.jpg";s:5:"width";i:480;s:6:"height";i:320;s:9:"mime-type";s:10:"image/jpeg";}s:14:"shop_thumbnail";a:4:{s:4:"file";s:62:"p-adventures-in-zonderland-67b-construction-studio-137x102.jpg";s:5:"width";i:137;s:6:"height";i:102;s:9:"mime-type";s:10:"image/jpeg";}s:12:"shop_catalog";a:4:{s:4:"file";s:62:"p-adventures-in-zonderland-67b-construction-studio-250x187.jpg";s:5:"width";i:250;s:6:"height";i:187;s:9:"mime-type";s:10:"image/jpeg";}s:11:"shop_single";a:4:{s:4:"file";s:62:"p-adventures-in-zonderland-67b-construction-studio-520x389.jpg";s:5:"width";i:520;s:6:"height";i:389;s:9:"mime-type";s:10:"image/jpeg";}}s:10:"image_meta";a:10:{s:8:"aperture";i:0;s:6:"credit";s:0:"";s:6:"camera";s:0:"";s:7:"caption";s:0:"";s:17:"created_timestamp";i:0;s:9:"copyright";s:0:"";s:12:"focal_length";i:0;s:3:"iso";i:0;s:13:"shutter_speed";i:0;s:5:"title";s:0:"";}}]]></wp:meta_value>
		</wp:postmeta>
		<wp:postmeta>
			<wp:meta_key>_qode-like</wp:meta_key>
			<wp:meta_value><![CDATA[0]]></wp:meta_value>
		</wp:postmeta>
	</item>

	<item>
				<title>p-art-design-blvd--amsterdam-jazz-festival</title>
		<link>http://demo.qodeinteractive.com/elision/?attachment_id=2854</link>
		<pubDate>Wed, 30 Oct 2013 14:35:11 +0000</pubDate>
		<dc:creator><![CDATA[admin]]></dc:creator>
		<guid isPermaLink="false">http://demo.qodeinteractive.com/elision/wp-content/uploads/2013/10/p-art-design-blvd-amsterdam-jazz-festival.jpg</guid>
		<description></description>
		<content:encoded><![CDATA[]]></content:encoded>
		<excerpt:encoded><![CDATA[]]></excerpt:encoded>
		<wp:post_id>2854</wp:post_id>
		<wp:post_date>2013-10-30 14:35:11</wp:post_date>
		<wp:post_date_gmt>2013-10-30 14:35:11</wp:post_date_gmt>
		<wp:comment_status>open</wp:comment_status>
		<wp:ping_status>open</wp:ping_status>
		<wp:post_name>p-art-design-blvd-amsterdam-jazz-festival</wp:post_name>
		<wp:status>inherit</wp:status>
		<wp:post_parent>0</wp:post_parent>
		<wp:menu_order>0</wp:menu_order>
		<wp:post_type>attachment</wp:post_type>
		<wp:post_password></wp:post_password>
		<wp:is_sticky>0</wp:is_sticky>
		<wp:attachment_url>http://demo.qodeinteractive.com/elision/wp-content/uploads/2013/10/p-art-design-blvd-amsterdam-jazz-festival.jpg</wp:attachment_url>
		<wp:postmeta>
			<wp:meta_key>_wp_attached_file</wp:meta_key>
			<wp:meta_value><![CDATA[2013/10/p-art-design-blvd-amsterdam-jazz-festival.jpg]]></wp:meta_value>
		</wp:postmeta>
		<wp:postmeta>
			<wp:meta_key>_wp_attachment_metadata</wp:meta_key>
			<wp:meta_value><![CDATA[a:5:{s:5:"width";i:707;s:6:"height";i:530;s:4:"file";s:53:"2013/10/p-art-design-blvd-amsterdam-jazz-festival.jpg";s:5:"sizes";a:9:{s:9:"thumbnail";a:4:{s:4:"file";s:53:"p-art-design-blvd-amsterdam-jazz-festival-150x150.jpg";s:5:"width";i:150;s:6:"height";i:150;s:9:"mime-type";s:10:"image/jpeg";}s:6:"medium";a:4:{s:4:"file";s:53:"p-art-design-blvd-amsterdam-jazz-festival-300x224.jpg";s:5:"width";i:300;s:6:"height";i:224;s:9:"mime-type";s:10:"image/jpeg";}s:16:"portfolio-square";a:4:{s:4:"file";s:53:"p-art-design-blvd-amsterdam-jazz-festival-520x520.jpg";s:5:"width";i:520;s:6:"height";i:520;s:9:"mime-type";s:10:"image/jpeg";}s:18:"menu-featured-post";a:4:{s:4:"file";s:53:"p-art-design-blvd-amsterdam-jazz-festival-345x198.jpg";s:5:"width";i:345;s:6:"height";i:198;s:9:"mime-type";s:10:"image/jpeg";}s:20:"qode-carousel_slider";a:4:{s:4:"file";s:53:"p-art-design-blvd-amsterdam-jazz-festival-400x260.jpg";s:5:"width";i:400;s:6:"height";i:260;s:9:"mime-type";s:10:"image/jpeg";}s:16:"portfolio_slider";a:4:{s:4:"file";s:53:"p-art-design-blvd-amsterdam-jazz-festival-480x320.jpg";s:5:"width";i:480;s:6:"height";i:320;s:9:"mime-type";s:10:"image/jpeg";}s:14:"shop_thumbnail";a:4:{s:4:"file";s:53:"p-art-design-blvd-amsterdam-jazz-festival-137x102.jpg";s:5:"width";i:137;s:6:"height";i:102;s:9:"mime-type";s:10:"image/jpeg";}s:12:"shop_catalog";a:4:{s:4:"file";s:53:"p-art-design-blvd-amsterdam-jazz-festival-250x187.jpg";s:5:"width";i:250;s:6:"height";i:187;s:9:"mime-type";s:10:"image/jpeg";}s:11:"shop_single";a:4:{s:4:"file";s:53:"p-art-design-blvd-amsterdam-jazz-festival-520x389.jpg";s:5:"width";i:520;s:6:"height";i:389;s:9:"mime-type";s:10:"image/jpeg";}}s:10:"image_meta";a:10:{s:8:"aperture";i:0;s:6:"credit";s:0:"";s:6:"camera";s:0:"";s:7:"caption";s:0:"";s:17:"created_timestamp";i:0;s:9:"copyright";s:0:"";s:12:"focal_length";i:0;s:3:"iso";i:0;s:13:"shutter_speed";i:0;s:5:"title";s:0:"";}}]]></wp:meta_value>
		</wp:postmeta>
		<wp:postmeta>
			<wp:meta_key>_qode-like</wp:meta_key>
			<wp:meta_value><![CDATA[0]]></wp:meta_value>
		</wp:postmeta>
	</item>

	<item>
				<title>p-art-week-2014-malmo--blau-kunsthaus-identity</title>
		<link>http://demo.qodeinteractive.com/elision/?attachment_id=2855</link>
		<pubDate>Wed, 30 Oct 2013 14:35:12 +0000</pubDate>
		<dc:creator><![CDATA[admin]]></dc:creator>
		<guid isPermaLink="false">http://demo.qodeinteractive.com/elision/wp-content/uploads/2013/10/p-art-week-2014-malmo-blau-kunsthaus-identity.jpg</guid>
		<description></description>
		<content:encoded><![CDATA[]]></content:encoded>
		<excerpt:encoded><![CDATA[]]></excerpt:encoded>
		<wp:post_id>2855</wp:post_id>
		<wp:post_date>2013-10-30 14:35:12</wp:post_date>
		<wp:post_date_gmt>2013-10-30 14:35:12</wp:post_date_gmt>
		<wp:comment_status>open</wp:comment_status>
		<wp:ping_status>open</wp:ping_status>
		<wp:post_name>p-art-week-2014-malmo-blau-kunsthaus-identity</wp:post_name>
		<wp:status>inherit</wp:status>
		<wp:post_parent>0</wp:post_parent>
		<wp:menu_order>0</wp:menu_order>
		<wp:post_type>attachment</wp:post_type>
		<wp:post_password></wp:post_password>
		<wp:is_sticky>0</wp:is_sticky>
		<wp:attachment_url>http://demo.qodeinteractive.com/elision/wp-content/uploads/2013/10/p-art-week-2014-malmo-blau-kunsthaus-identity.jpg</wp:attachment_url>
		<wp:postmeta>
			<wp:meta_key>_wp_attached_file</wp:meta_key>
			<wp:meta_value><![CDATA[2013/10/p-art-week-2014-malmo-blau-kunsthaus-identity.jpg]]></wp:meta_value>
		</wp:postmeta>
		<wp:postmeta>
			<wp:meta_key>_wp_attachment_metadata</wp:meta_key>
			<wp:meta_value><![CDATA[a:5:{s:5:"width";i:707;s:6:"height";i:530;s:4:"file";s:57:"2013/10/p-art-week-2014-malmo-blau-kunsthaus-identity.jpg";s:5:"sizes";a:9:{s:9:"thumbnail";a:4:{s:4:"file";s:57:"p-art-week-2014-malmo-blau-kunsthaus-identity-150x150.jpg";s:5:"width";i:150;s:6:"height";i:150;s:9:"mime-type";s:10:"image/jpeg";}s:6:"medium";a:4:{s:4:"file";s:57:"p-art-week-2014-malmo-blau-kunsthaus-identity-300x224.jpg";s:5:"width";i:300;s:6:"height";i:224;s:9:"mime-type";s:10:"image/jpeg";}s:16:"portfolio-square";a:4:{s:4:"file";s:57:"p-art-week-2014-malmo-blau-kunsthaus-identity-520x520.jpg";s:5:"width";i:520;s:6:"height";i:520;s:9:"mime-type";s:10:"image/jpeg";}s:18:"menu-featured-post";a:4:{s:4:"file";s:57:"p-art-week-2014-malmo-blau-kunsthaus-identity-345x198.jpg";s:5:"width";i:345;s:6:"height";i:198;s:9:"mime-type";s:10:"image/jpeg";}s:20:"qode-carousel_slider";a:4:{s:4:"file";s:57:"p-art-week-2014-malmo-blau-kunsthaus-identity-400x260.jpg";s:5:"width";i:400;s:6:"height";i:260;s:9:"mime-type";s:10:"image/jpeg";}s:16:"portfolio_slider";a:4:{s:4:"file";s:57:"p-art-week-2014-malmo-blau-kunsthaus-identity-480x320.jpg";s:5:"width";i:480;s:6:"height";i:320;s:9:"mime-type";s:10:"image/jpeg";}s:14:"shop_thumbnail";a:4:{s:4:"file";s:57:"p-art-week-2014-malmo-blau-kunsthaus-identity-137x102.jpg";s:5:"width";i:137;s:6:"height";i:102;s:9:"mime-type";s:10:"image/jpeg";}s:12:"shop_catalog";a:4:{s:4:"file";s:57:"p-art-week-2014-malmo-blau-kunsthaus-identity-250x187.jpg";s:5:"width";i:250;s:6:"height";i:187;s:9:"mime-type";s:10:"image/jpeg";}s:11:"shop_single";a:4:{s:4:"file";s:57:"p-art-week-2014-malmo-blau-kunsthaus-identity-520x389.jpg";s:5:"width";i:520;s:6:"height";i:389;s:9:"mime-type";s:10:"image/jpeg";}}s:10:"image_meta";a:10:{s:8:"aperture";i:0;s:6:"credit";s:0:"";s:6:"camera";s:0:"";s:7:"caption";s:0:"";s:17:"created_timestamp";i:0;s:9:"copyright";s:0:"";s:12:"focal_length";i:0;s:3:"iso";i:0;s:13:"shutter_speed";i:0;s:5:"title";s:0:"";}}]]></wp:meta_value>
		</wp:postmeta>
	</item>

	<item>
				<title>p-clash-mayhem-tv--vintage-vinyl-house</title>
		<link>http://demo.qodeinteractive.com/elision/?attachment_id=2856</link>
		<pubDate>Wed, 30 Oct 2013 14:35:13 +0000</pubDate>
		<dc:creator><![CDATA[admin]]></dc:creator>
		<guid isPermaLink="false">http://demo.qodeinteractive.com/elision/wp-content/uploads/2013/10/p-clash-mayhem-tv-vintage-vinyl-house.jpg</guid>
		<description></description>
		<content:encoded><![CDATA[]]></content:encoded>
		<excerpt:encoded><![CDATA[]]></excerpt:encoded>
		<wp:post_id>2856</wp:post_id>
		<wp:post_date>2013-10-30 14:35:13</wp:post_date>
		<wp:post_date_gmt>2013-10-30 14:35:13</wp:post_date_gmt>
		<wp:comment_status>open</wp:comment_status>
		<wp:ping_status>open</wp:ping_status>
		<wp:post_name>p-clash-mayhem-tv-vintage-vinyl-house</wp:post_name>
		<wp:status>inherit</wp:status>
		<wp:post_parent>0</wp:post_parent>
		<wp:menu_order>0</wp:menu_order>
		<wp:post_type>attachment</wp:post_type>
		<wp:post_password></wp:post_password>
		<wp:is_sticky>0</wp:is_sticky>
		<wp:attachment_url>http://demo.qodeinteractive.com/elision/wp-content/uploads/2013/10/p-clash-mayhem-tv-vintage-vinyl-house.jpg</wp:attachment_url>
		<wp:postmeta>
			<wp:meta_key>_wp_attached_file</wp:meta_key>
			<wp:meta_value><![CDATA[2013/10/p-clash-mayhem-tv-vintage-vinyl-house.jpg]]></wp:meta_value>
		</wp:postmeta>
		<wp:postmeta>
			<wp:meta_key>_wp_attachment_metadata</wp:meta_key>
			<wp:meta_value><![CDATA[a:5:{s:5:"width";i:707;s:6:"height";i:530;s:4:"file";s:49:"2013/10/p-clash-mayhem-tv-vintage-vinyl-house.jpg";s:5:"sizes";a:9:{s:9:"thumbnail";a:4:{s:4:"file";s:49:"p-clash-mayhem-tv-vintage-vinyl-house-150x150.jpg";s:5:"width";i:150;s:6:"height";i:150;s:9:"mime-type";s:10:"image/jpeg";}s:6:"medium";a:4:{s:4:"file";s:49:"p-clash-mayhem-tv-vintage-vinyl-house-300x224.jpg";s:5:"width";i:300;s:6:"height";i:224;s:9:"mime-type";s:10:"image/jpeg";}s:16:"portfolio-square";a:4:{s:4:"file";s:49:"p-clash-mayhem-tv-vintage-vinyl-house-520x520.jpg";s:5:"width";i:520;s:6:"height";i:520;s:9:"mime-type";s:10:"image/jpeg";}s:18:"menu-featured-post";a:4:{s:4:"file";s:49:"p-clash-mayhem-tv-vintage-vinyl-house-345x198.jpg";s:5:"width";i:345;s:6:"height";i:198;s:9:"mime-type";s:10:"image/jpeg";}s:20:"qode-carousel_slider";a:4:{s:4:"file";s:49:"p-clash-mayhem-tv-vintage-vinyl-house-400x260.jpg";s:5:"width";i:400;s:6:"height";i:260;s:9:"mime-type";s:10:"image/jpeg";}s:16:"portfolio_slider";a:4:{s:4:"file";s:49:"p-clash-mayhem-tv-vintage-vinyl-house-480x320.jpg";s:5:"width";i:480;s:6:"height";i:320;s:9:"mime-type";s:10:"image/jpeg";}s:14:"shop_thumbnail";a:4:{s:4:"file";s:49:"p-clash-mayhem-tv-vintage-vinyl-house-137x102.jpg";s:5:"width";i:137;s:6:"height";i:102;s:9:"mime-type";s:10:"image/jpeg";}s:12:"shop_catalog";a:4:{s:4:"file";s:49:"p-clash-mayhem-tv-vintage-vinyl-house-250x187.jpg";s:5:"width";i:250;s:6:"height";i:187;s:9:"mime-type";s:10:"image/jpeg";}s:11:"shop_single";a:4:{s:4:"file";s:49:"p-clash-mayhem-tv-vintage-vinyl-house-520x389.jpg";s:5:"width";i:520;s:6:"height";i:389;s:9:"mime-type";s:10:"image/jpeg";}}s:10:"image_meta";a:10:{s:8:"aperture";i:0;s:6:"credit";s:0:"";s:6:"camera";s:0:"";s:7:"caption";s:0:"";s:17:"created_timestamp";i:0;s:9:"copyright";s:0:"";s:12:"focal_length";i:0;s:3:"iso";i:0;s:13:"shutter_speed";i:0;s:5:"title";s:0:"";}}]]></wp:meta_value>
		</wp:postmeta>
	</item>

	<item>
				<title>p-pale-skin-apparel--fast-vector-mobile</title>
		<link>http://demo.qodeinteractive.com/elision/?attachment_id=2857</link>
		<pubDate>Wed, 30 Oct 2013 14:35:14 +0000</pubDate>
		<dc:creator><![CDATA[admin]]></dc:creator>
		<guid isPermaLink="false">http://demo.qodeinteractive.com/elision/wp-content/uploads/2013/10/p-pale-skin-apparel-fast-vector-mobile.jpg</guid>
		<description></description>
		<content:encoded><![CDATA[]]></content:encoded>
		<excerpt:encoded><![CDATA[]]></excerpt:encoded>
		<wp:post_id>2857</wp:post_id>
		<wp:post_date>2013-10-30 14:35:14</wp:post_date>
		<wp:post_date_gmt>2013-10-30 14:35:14</wp:post_date_gmt>
		<wp:comment_status>open</wp:comment_status>
		<wp:ping_status>open</wp:ping_status>
		<wp:post_name>p-pale-skin-apparel-fast-vector-mobile</wp:post_name>
		<wp:status>inherit</wp:status>
		<wp:post_parent>0</wp:post_parent>
		<wp:menu_order>0</wp:menu_order>
		<wp:post_type>attachment</wp:post_type>
		<wp:post_password></wp:post_password>
		<wp:is_sticky>0</wp:is_sticky>
		<wp:attachment_url>http://demo.qodeinteractive.com/elision/wp-content/uploads/2013/10/p-pale-skin-apparel-fast-vector-mobile.jpg</wp:attachment_url>
		<wp:postmeta>
			<wp:meta_key>_wp_attached_file</wp:meta_key>
			<wp:meta_value><![CDATA[2013/10/p-pale-skin-apparel-fast-vector-mobile.jpg]]></wp:meta_value>
		</wp:postmeta>
		<wp:postmeta>
			<wp:meta_key>_wp_attachment_metadata</wp:meta_key>
			<wp:meta_value><![CDATA[a:5:{s:5:"width";i:707;s:6:"height";i:530;s:4:"file";s:50:"2013/10/p-pale-skin-apparel-fast-vector-mobile.jpg";s:5:"sizes";a:9:{s:9:"thumbnail";a:4:{s:4:"file";s:50:"p-pale-skin-apparel-fast-vector-mobile-150x150.jpg";s:5:"width";i:150;s:6:"height";i:150;s:9:"mime-type";s:10:"image/jpeg";}s:6:"medium";a:4:{s:4:"file";s:50:"p-pale-skin-apparel-fast-vector-mobile-300x224.jpg";s:5:"width";i:300;s:6:"height";i:224;s:9:"mime-type";s:10:"image/jpeg";}s:16:"portfolio-square";a:4:{s:4:"file";s:50:"p-pale-skin-apparel-fast-vector-mobile-520x520.jpg";s:5:"width";i:520;s:6:"height";i:520;s:9:"mime-type";s:10:"image/jpeg";}s:18:"menu-featured-post";a:4:{s:4:"file";s:50:"p-pale-skin-apparel-fast-vector-mobile-345x198.jpg";s:5:"width";i:345;s:6:"height";i:198;s:9:"mime-type";s:10:"image/jpeg";}s:20:"qode-carousel_slider";a:4:{s:4:"file";s:50:"p-pale-skin-apparel-fast-vector-mobile-400x260.jpg";s:5:"width";i:400;s:6:"height";i:260;s:9:"mime-type";s:10:"image/jpeg";}s:16:"portfolio_slider";a:4:{s:4:"file";s:50:"p-pale-skin-apparel-fast-vector-mobile-480x320.jpg";s:5:"width";i:480;s:6:"height";i:320;s:9:"mime-type";s:10:"image/jpeg";}s:14:"shop_thumbnail";a:4:{s:4:"file";s:50:"p-pale-skin-apparel-fast-vector-mobile-137x102.jpg";s:5:"width";i:137;s:6:"height";i:102;s:9:"mime-type";s:10:"image/jpeg";}s:12:"shop_catalog";a:4:{s:4:"file";s:50:"p-pale-skin-apparel-fast-vector-mobile-250x187.jpg";s:5:"width";i:250;s:6:"height";i:187;s:9:"mime-type";s:10:"image/jpeg";}s:11:"shop_single";a:4:{s:4:"file";s:50:"p-pale-skin-apparel-fast-vector-mobile-520x389.jpg";s:5:"width";i:520;s:6:"height";i:389;s:9:"mime-type";s:10:"image/jpeg";}}s:10:"image_meta";a:10:{s:8:"aperture";i:0;s:6:"credit";s:0:"";s:6:"camera";s:0:"";s:7:"caption";s:0:"";s:17:"created_timestamp";i:0;s:9:"copyright";s:0:"";s:12:"focal_length";i:0;s:3:"iso";i:0;s:13:"shutter_speed";i:0;s:5:"title";s:0:"";}}]]></wp:meta_value>
		</wp:postmeta>
		<wp:postmeta>
			<wp:meta_key>_qode-like</wp:meta_key>
			<wp:meta_value><![CDATA[0]]></wp:meta_value>
		</wp:postmeta>
	</item>

	<item>
				<title>p-smash-pop-art-storm--superdollz-showroom</title>
		<link>http://demo.qodeinteractive.com/elision/?attachment_id=2858</link>
		<pubDate>Wed, 30 Oct 2013 14:35:14 +0000</pubDate>
		<dc:creator><![CDATA[admin]]></dc:creator>
		<guid isPermaLink="false">http://demo.qodeinteractive.com/elision/wp-content/uploads/2013/10/p-smash-pop-art-storm-superdollz-showroom.jpg</guid>
		<description></description>
		<content:encoded><![CDATA[]]></content:encoded>
		<excerpt:encoded><![CDATA[]]></excerpt:encoded>
		<wp:post_id>2858</wp:post_id>
		<wp:post_date>2013-10-30 14:35:14</wp:post_date>
		<wp:post_date_gmt>2013-10-30 14:35:14</wp:post_date_gmt>
		<wp:comment_status>open</wp:comment_status>
		<wp:ping_status>open</wp:ping_status>
		<wp:post_name>p-smash-pop-art-storm-superdollz-showroom</wp:post_name>
		<wp:status>inherit</wp:status>
		<wp:post_parent>0</wp:post_parent>
		<wp:menu_order>0</wp:menu_order>
		<wp:post_type>attachment</wp:post_type>
		<wp:post_password></wp:post_password>
		<wp:is_sticky>0</wp:is_sticky>
		<wp:attachment_url>http://demo.qodeinteractive.com/elision/wp-content/uploads/2013/10/p-smash-pop-art-storm-superdollz-showroom.jpg</wp:attachment_url>
		<wp:postmeta>
			<wp:meta_key>_wp_attached_file</wp:meta_key>
			<wp:meta_value><![CDATA[2013/10/p-smash-pop-art-storm-superdollz-showroom.jpg]]></wp:meta_value>
		</wp:postmeta>
		<wp:postmeta>
			<wp:meta_key>_wp_attachment_metadata</wp:meta_key>
			<wp:meta_value><![CDATA[a:5:{s:5:"width";i:707;s:6:"height";i:530;s:4:"file";s:53:"2013/10/p-smash-pop-art-storm-superdollz-showroom.jpg";s:5:"sizes";a:9:{s:9:"thumbnail";a:4:{s:4:"file";s:53:"p-smash-pop-art-storm-superdollz-showroom-150x150.jpg";s:5:"width";i:150;s:6:"height";i:150;s:9:"mime-type";s:10:"image/jpeg";}s:6:"medium";a:4:{s:4:"file";s:53:"p-smash-pop-art-storm-superdollz-showroom-300x224.jpg";s:5:"width";i:300;s:6:"height";i:224;s:9:"mime-type";s:10:"image/jpeg";}s:16:"portfolio-square";a:4:{s:4:"file";s:53:"p-smash-pop-art-storm-superdollz-showroom-520x520.jpg";s:5:"width";i:520;s:6:"height";i:520;s:9:"mime-type";s:10:"image/jpeg";}s:18:"menu-featured-post";a:4:{s:4:"file";s:53:"p-smash-pop-art-storm-superdollz-showroom-345x198.jpg";s:5:"width";i:345;s:6:"height";i:198;s:9:"mime-type";s:10:"image/jpeg";}s:20:"qode-carousel_slider";a:4:{s:4:"file";s:53:"p-smash-pop-art-storm-superdollz-showroom-400x260.jpg";s:5:"width";i:400;s:6:"height";i:260;s:9:"mime-type";s:10:"image/jpeg";}s:16:"portfolio_slider";a:4:{s:4:"file";s:53:"p-smash-pop-art-storm-superdollz-showroom-480x320.jpg";s:5:"width";i:480;s:6:"height";i:320;s:9:"mime-type";s:10:"image/jpeg";}s:14:"shop_thumbnail";a:4:{s:4:"file";s:53:"p-smash-pop-art-storm-superdollz-showroom-137x102.jpg";s:5:"width";i:137;s:6:"height";i:102;s:9:"mime-type";s:10:"image/jpeg";}s:12:"shop_catalog";a:4:{s:4:"file";s:53:"p-smash-pop-art-storm-superdollz-showroom-250x187.jpg";s:5:"width";i:250;s:6:"height";i:187;s:9:"mime-type";s:10:"image/jpeg";}s:11:"shop_single";a:4:{s:4:"file";s:53:"p-smash-pop-art-storm-superdollz-showroom-520x389.jpg";s:5:"width";i:520;s:6:"height";i:389;s:9:"mime-type";s:10:"image/jpeg";}}s:10:"image_meta";a:10:{s:8:"aperture";i:0;s:6:"credit";s:0:"";s:6:"camera";s:0:"";s:7:"caption";s:0:"";s:17:"created_timestamp";i:0;s:9:"copyright";s:0:"";s:12:"focal_length";i:0;s:3:"iso";i:0;s:13:"shutter_speed";i:0;s:5:"title";s:0:"";}}]]></wp:meta_value>
		</wp:postmeta>
	</item>

	<item>
				<title>p-stockholm-fashion-destination--last-iceland-sunshine</title>
		<link>http://demo.qodeinteractive.com/elision/?attachment_id=2859</link>
		<pubDate>Wed, 30 Oct 2013 14:35:15 +0000</pubDate>
		<dc:creator><![CDATA[admin]]></dc:creator>
		<guid isPermaLink="false">http://demo.qodeinteractive.com/elision/wp-content/uploads/2013/10/p-stockholm-fashion-destination-last-iceland-sunshine.jpg</guid>
		<description></description>
		<content:encoded><![CDATA[]]></content:encoded>
		<excerpt:encoded><![CDATA[]]></excerpt:encoded>
		<wp:post_id>2859</wp:post_id>
		<wp:post_date>2013-10-30 14:35:15</wp:post_date>
		<wp:post_date_gmt>2013-10-30 14:35:15</wp:post_date_gmt>
		<wp:comment_status>open</wp:comment_status>
		<wp:ping_status>open</wp:ping_status>
		<wp:post_name>p-stockholm-fashion-destination-last-iceland-sunshine</wp:post_name>
		<wp:status>inherit</wp:status>
		<wp:post_parent>0</wp:post_parent>
		<wp:menu_order>0</wp:menu_order>
		<wp:post_type>attachment</wp:post_type>
		<wp:post_password></wp:post_password>
		<wp:is_sticky>0</wp:is_sticky>
		<wp:attachment_url>http://demo.qodeinteractive.com/elision/wp-content/uploads/2013/10/p-stockholm-fashion-destination-last-iceland-sunshine.jpg</wp:attachment_url>
		<wp:postmeta>
			<wp:meta_key>_wp_attached_file</wp:meta_key>
			<wp:meta_value><![CDATA[2013/10/p-stockholm-fashion-destination-last-iceland-sunshine.jpg]]></wp:meta_value>
		</wp:postmeta>
		<wp:postmeta>
			<wp:meta_key>_wp_attachment_metadata</wp:meta_key>
			<wp:meta_value><![CDATA[a:5:{s:5:"width";i:707;s:6:"height";i:530;s:4:"file";s:65:"2013/10/p-stockholm-fashion-destination-last-iceland-sunshine.jpg";s:5:"sizes";a:9:{s:9:"thumbnail";a:4:{s:4:"file";s:65:"p-stockholm-fashion-destination-last-iceland-sunshine-150x150.jpg";s:5:"width";i:150;s:6:"height";i:150;s:9:"mime-type";s:10:"image/jpeg";}s:6:"medium";a:4:{s:4:"file";s:65:"p-stockholm-fashion-destination-last-iceland-sunshine-300x224.jpg";s:5:"width";i:300;s:6:"height";i:224;s:9:"mime-type";s:10:"image/jpeg";}s:16:"portfolio-square";a:4:{s:4:"file";s:65:"p-stockholm-fashion-destination-last-iceland-sunshine-520x520.jpg";s:5:"width";i:520;s:6:"height";i:520;s:9:"mime-type";s:10:"image/jpeg";}s:18:"menu-featured-post";a:4:{s:4:"file";s:65:"p-stockholm-fashion-destination-last-iceland-sunshine-345x198.jpg";s:5:"width";i:345;s:6:"height";i:198;s:9:"mime-type";s:10:"image/jpeg";}s:20:"qode-carousel_slider";a:4:{s:4:"file";s:65:"p-stockholm-fashion-destination-last-iceland-sunshine-400x260.jpg";s:5:"width";i:400;s:6:"height";i:260;s:9:"mime-type";s:10:"image/jpeg";}s:16:"portfolio_slider";a:4:{s:4:"file";s:65:"p-stockholm-fashion-destination-last-iceland-sunshine-480x320.jpg";s:5:"width";i:480;s:6:"height";i:320;s:9:"mime-type";s:10:"image/jpeg";}s:14:"shop_thumbnail";a:4:{s:4:"file";s:65:"p-stockholm-fashion-destination-last-iceland-sunshine-137x102.jpg";s:5:"width";i:137;s:6:"height";i:102;s:9:"mime-type";s:10:"image/jpeg";}s:12:"shop_catalog";a:4:{s:4:"file";s:65:"p-stockholm-fashion-destination-last-iceland-sunshine-250x187.jpg";s:5:"width";i:250;s:6:"height";i:187;s:9:"mime-type";s:10:"image/jpeg";}s:11:"shop_single";a:4:{s:4:"file";s:65:"p-stockholm-fashion-destination-last-iceland-sunshine-520x389.jpg";s:5:"width";i:520;s:6:"height";i:389;s:9:"mime-type";s:10:"image/jpeg";}}s:10:"image_meta";a:10:{s:8:"aperture";i:0;s:6:"credit";s:0:"";s:6:"camera";s:0:"";s:7:"caption";s:0:"";s:17:"created_timestamp";i:0;s:9:"copyright";s:0:"";s:12:"focal_length";i:0;s:3:"iso";i:0;s:13:"shutter_speed";i:0;s:5:"title";s:0:"";}}]]></wp:meta_value>
		</wp:postmeta>
	</item>

	<item>
				<title>p-stv-music-awards-2013--venice-art-pavilion</title>
		<link>http://demo.qodeinteractive.com/elision/?attachment_id=2860</link>
		<pubDate>Wed, 30 Oct 2013 14:35:16 +0000</pubDate>
		<dc:creator><![CDATA[admin]]></dc:creator>
		<guid isPermaLink="false">http://demo.qodeinteractive.com/elision/wp-content/uploads/2013/10/p-stv-music-awards-2013-venice-art-pavilion.jpg</guid>
		<description></description>
		<content:encoded><![CDATA[]]></content:encoded>
		<excerpt:encoded><![CDATA[]]></excerpt:encoded>
		<wp:post_id>2860</wp:post_id>
		<wp:post_date>2013-10-30 14:35:16</wp:post_date>
		<wp:post_date_gmt>2013-10-30 14:35:16</wp:post_date_gmt>
		<wp:comment_status>open</wp:comment_status>
		<wp:ping_status>open</wp:ping_status>
		<wp:post_name>p-stv-music-awards-2013-venice-art-pavilion</wp:post_name>
		<wp:status>inherit</wp:status>
		<wp:post_parent>0</wp:post_parent>
		<wp:menu_order>0</wp:menu_order>
		<wp:post_type>attachment</wp:post_type>
		<wp:post_password></wp:post_password>
		<wp:is_sticky>0</wp:is_sticky>
		<wp:attachment_url>http://demo.qodeinteractive.com/elision/wp-content/uploads/2013/10/p-stv-music-awards-2013-venice-art-pavilion.jpg</wp:attachment_url>
		<wp:postmeta>
			<wp:meta_key>_wp_attached_file</wp:meta_key>
			<wp:meta_value><![CDATA[2013/10/p-stv-music-awards-2013-venice-art-pavilion.jpg]]></wp:meta_value>
		</wp:postmeta>
		<wp:postmeta>
			<wp:meta_key>_wp_attachment_metadata</wp:meta_key>
			<wp:meta_value><![CDATA[a:5:{s:5:"width";i:707;s:6:"height";i:530;s:4:"file";s:55:"2013/10/p-stv-music-awards-2013-venice-art-pavilion.jpg";s:5:"sizes";a:9:{s:9:"thumbnail";a:4:{s:4:"file";s:55:"p-stv-music-awards-2013-venice-art-pavilion-150x150.jpg";s:5:"width";i:150;s:6:"height";i:150;s:9:"mime-type";s:10:"image/jpeg";}s:6:"medium";a:4:{s:4:"file";s:55:"p-stv-music-awards-2013-venice-art-pavilion-300x224.jpg";s:5:"width";i:300;s:6:"height";i:224;s:9:"mime-type";s:10:"image/jpeg";}s:16:"portfolio-square";a:4:{s:4:"file";s:55:"p-stv-music-awards-2013-venice-art-pavilion-520x520.jpg";s:5:"width";i:520;s:6:"height";i:520;s:9:"mime-type";s:10:"image/jpeg";}s:18:"menu-featured-post";a:4:{s:4:"file";s:55:"p-stv-music-awards-2013-venice-art-pavilion-345x198.jpg";s:5:"width";i:345;s:6:"height";i:198;s:9:"mime-type";s:10:"image/jpeg";}s:20:"qode-carousel_slider";a:4:{s:4:"file";s:55:"p-stv-music-awards-2013-venice-art-pavilion-400x260.jpg";s:5:"width";i:400;s:6:"height";i:260;s:9:"mime-type";s:10:"image/jpeg";}s:16:"portfolio_slider";a:4:{s:4:"file";s:55:"p-stv-music-awards-2013-venice-art-pavilion-480x320.jpg";s:5:"width";i:480;s:6:"height";i:320;s:9:"mime-type";s:10:"image/jpeg";}s:14:"shop_thumbnail";a:4:{s:4:"file";s:55:"p-stv-music-awards-2013-venice-art-pavilion-137x102.jpg";s:5:"width";i:137;s:6:"height";i:102;s:9:"mime-type";s:10:"image/jpeg";}s:12:"shop_catalog";a:4:{s:4:"file";s:55:"p-stv-music-awards-2013-venice-art-pavilion-250x187.jpg";s:5:"width";i:250;s:6:"height";i:187;s:9:"mime-type";s:10:"image/jpeg";}s:11:"shop_single";a:4:{s:4:"file";s:55:"p-stv-music-awards-2013-venice-art-pavilion-520x389.jpg";s:5:"width";i:520;s:6:"height";i:389;s:9:"mime-type";s:10:"image/jpeg";}}s:10:"image_meta";a:10:{s:8:"aperture";i:0;s:6:"credit";s:0:"";s:6:"camera";s:0:"";s:7:"caption";s:0:"";s:17:"created_timestamp";i:0;s:9:"copyright";s:0:"";s:12:"focal_length";i:0;s:3:"iso";i:0;s:13:"shutter_speed";i:0;s:5:"title";s:0:"";}}]]></wp:meta_value>
		</wp:postmeta>
		<wp:postmeta>
			<wp:meta_key>_qode-like</wp:meta_key>
			<wp:meta_value><![CDATA[0]]></wp:meta_value>
		</wp:postmeta>
	</item>

	<item>
				<title>p-video-performance-festival-2014--mother-volcano-artwork</title>
		<link>http://demo.qodeinteractive.com/elision/?attachment_id=2861</link>
		<pubDate>Wed, 30 Oct 2013 14:35:17 +0000</pubDate>
		<dc:creator><![CDATA[admin]]></dc:creator>
		<guid isPermaLink="false">http://demo.qodeinteractive.com/elision/wp-content/uploads/2013/10/p-video-performance-festival-2014-mother-volcano-artwork.jpg</guid>
		<description></description>
		<content:encoded><![CDATA[]]></content:encoded>
		<excerpt:encoded><![CDATA[]]></excerpt:encoded>
		<wp:post_id>2861</wp:post_id>
		<wp:post_date>2013-10-30 14:35:17</wp:post_date>
		<wp:post_date_gmt>2013-10-30 14:35:17</wp:post_date_gmt>
		<wp:comment_status>open</wp:comment_status>
		<wp:ping_status>open</wp:ping_status>
		<wp:post_name>p-video-performance-festival-2014-mother-volcano-artwork</wp:post_name>
		<wp:status>inherit</wp:status>
		<wp:post_parent>0</wp:post_parent>
		<wp:menu_order>0</wp:menu_order>
		<wp:post_type>attachment</wp:post_type>
		<wp:post_password></wp:post_password>
		<wp:is_sticky>0</wp:is_sticky>
		<wp:attachment_url>http://demo.qodeinteractive.com/elision/wp-content/uploads/2013/10/p-video-performance-festival-2014-mother-volcano-artwork.jpg</wp:attachment_url>
		<wp:postmeta>
			<wp:meta_key>_wp_attached_file</wp:meta_key>
			<wp:meta_value><![CDATA[2013/10/p-video-performance-festival-2014-mother-volcano-artwork.jpg]]></wp:meta_value>
		</wp:postmeta>
		<wp:postmeta>
			<wp:meta_key>_wp_attachment_metadata</wp:meta_key>
			<wp:meta_value><![CDATA[a:5:{s:5:"width";i:707;s:6:"height";i:530;s:4:"file";s:68:"2013/10/p-video-performance-festival-2014-mother-volcano-artwork.jpg";s:5:"sizes";a:9:{s:9:"thumbnail";a:4:{s:4:"file";s:68:"p-video-performance-festival-2014-mother-volcano-artwork-150x150.jpg";s:5:"width";i:150;s:6:"height";i:150;s:9:"mime-type";s:10:"image/jpeg";}s:6:"medium";a:4:{s:4:"file";s:68:"p-video-performance-festival-2014-mother-volcano-artwork-300x224.jpg";s:5:"width";i:300;s:6:"height";i:224;s:9:"mime-type";s:10:"image/jpeg";}s:16:"portfolio-square";a:4:{s:4:"file";s:68:"p-video-performance-festival-2014-mother-volcano-artwork-520x520.jpg";s:5:"width";i:520;s:6:"height";i:520;s:9:"mime-type";s:10:"image/jpeg";}s:18:"menu-featured-post";a:4:{s:4:"file";s:68:"p-video-performance-festival-2014-mother-volcano-artwork-345x198.jpg";s:5:"width";i:345;s:6:"height";i:198;s:9:"mime-type";s:10:"image/jpeg";}s:20:"qode-carousel_slider";a:4:{s:4:"file";s:68:"p-video-performance-festival-2014-mother-volcano-artwork-400x260.jpg";s:5:"width";i:400;s:6:"height";i:260;s:9:"mime-type";s:10:"image/jpeg";}s:16:"portfolio_slider";a:4:{s:4:"file";s:68:"p-video-performance-festival-2014-mother-volcano-artwork-480x320.jpg";s:5:"width";i:480;s:6:"height";i:320;s:9:"mime-type";s:10:"image/jpeg";}s:14:"shop_thumbnail";a:4:{s:4:"file";s:68:"p-video-performance-festival-2014-mother-volcano-artwork-137x102.jpg";s:5:"width";i:137;s:6:"height";i:102;s:9:"mime-type";s:10:"image/jpeg";}s:12:"shop_catalog";a:4:{s:4:"file";s:68:"p-video-performance-festival-2014-mother-volcano-artwork-250x187.jpg";s:5:"width";i:250;s:6:"height";i:187;s:9:"mime-type";s:10:"image/jpeg";}s:11:"shop_single";a:4:{s:4:"file";s:68:"p-video-performance-festival-2014-mother-volcano-artwork-520x389.jpg";s:5:"width";i:520;s:6:"height";i:389;s:9:"mime-type";s:10:"image/jpeg";}}s:10:"image_meta";a:10:{s:8:"aperture";i:0;s:6:"credit";s:0:"";s:6:"camera";s:0:"";s:7:"caption";s:0:"";s:17:"created_timestamp";i:0;s:9:"copyright";s:0:"";s:12:"focal_length";i:0;s:3:"iso";i:0;s:13:"shutter_speed";i:0;s:5:"title";s:0:"";}}]]></wp:meta_value>
		</wp:postmeta>
		<wp:postmeta>
			<wp:meta_key>_qode-like</wp:meta_key>
			<wp:meta_value><![CDATA[0]]></wp:meta_value>
		</wp:postmeta>
	</item>

	<item>
				<title>interactive-banners-1</title>
		<link>http://demo.qodeinteractive.com/elision/interactive-elements/interactive-banners-1/</link>
		<pubDate>Fri, 01 Nov 2013 09:57:44 +0000</pubDate>
		<dc:creator><![CDATA[admin]]></dc:creator>
		<guid isPermaLink="false">http://demo.qodeinteractive.com/elision/wp-content/uploads/2013/10/interactive-banners-1.jpg</guid>
		<description></description>
		<content:encoded><![CDATA[]]></content:encoded>
		<excerpt:encoded><![CDATA[]]></excerpt:encoded>
		<wp:post_id>3038</wp:post_id>
		<wp:post_date>2013-11-01 09:57:44</wp:post_date>
		<wp:post_date_gmt>2013-11-01 09:57:44</wp:post_date_gmt>
		<wp:comment_status>open</wp:comment_status>
		<wp:ping_status>open</wp:ping_status>
		<wp:post_name>interactive-banners-1</wp:post_name>
		<wp:status>inherit</wp:status>
		<wp:post_parent>2976</wp:post_parent>
		<wp:menu_order>0</wp:menu_order>
		<wp:post_type>attachment</wp:post_type>
		<wp:post_password></wp:post_password>
		<wp:is_sticky>0</wp:is_sticky>
		<wp:attachment_url>http://demo.qodeinteractive.com/elision/wp-content/uploads/2013/10/interactive-banners-1.jpg</wp:attachment_url>
		<wp:postmeta>
			<wp:meta_key>_wp_attached_file</wp:meta_key>
			<wp:meta_value><![CDATA[2013/10/interactive-banners-1.jpg]]></wp:meta_value>
		</wp:postmeta>
		<wp:postmeta>
			<wp:meta_key>_wp_attachment_metadata</wp:meta_key>
			<wp:meta_value><![CDATA[a:5:{s:5:"width";i:353;s:6:"height";i:199;s:4:"file";s:33:"2013/10/interactive-banners-1.jpg";s:5:"sizes";a:5:{s:9:"thumbnail";a:4:{s:4:"file";s:33:"interactive-banners-1-150x150.jpg";s:5:"width";i:150;s:6:"height";i:150;s:9:"mime-type";s:10:"image/jpeg";}s:6:"medium";a:4:{s:4:"file";s:33:"interactive-banners-1-300x169.jpg";s:5:"width";i:300;s:6:"height";i:169;s:9:"mime-type";s:10:"image/jpeg";}s:18:"menu-featured-post";a:4:{s:4:"file";s:33:"interactive-banners-1-345x198.jpg";s:5:"width";i:345;s:6:"height";i:198;s:9:"mime-type";s:10:"image/jpeg";}s:14:"shop_thumbnail";a:4:{s:4:"file";s:32:"interactive-banners-1-137x77.jpg";s:5:"width";i:137;s:6:"height";i:77;s:9:"mime-type";s:10:"image/jpeg";}s:12:"shop_catalog";a:4:{s:4:"file";s:33:"interactive-banners-1-250x140.jpg";s:5:"width";i:250;s:6:"height";i:140;s:9:"mime-type";s:10:"image/jpeg";}}s:10:"image_meta";a:10:{s:8:"aperture";i:0;s:6:"credit";s:0:"";s:6:"camera";s:0:"";s:7:"caption";s:0:"";s:17:"created_timestamp";i:0;s:9:"copyright";s:0:"";s:12:"focal_length";i:0;s:3:"iso";i:0;s:13:"shutter_speed";i:0;s:5:"title";s:0:"";}}]]></wp:meta_value>
		</wp:postmeta>
	</item>

	<item>
				<title>interactive-banners-2</title>
		<link>http://demo.qodeinteractive.com/elision/interactive-elements/interactive-banners-2/</link>
		<pubDate>Fri, 01 Nov 2013 10:06:35 +0000</pubDate>
		<dc:creator><![CDATA[admin]]></dc:creator>
		<guid isPermaLink="false">http://demo.qodeinteractive.com/elision/wp-content/uploads/2013/10/interactive-banners-2.jpg</guid>
		<description></description>
		<content:encoded><![CDATA[]]></content:encoded>
		<excerpt:encoded><![CDATA[]]></excerpt:encoded>
		<wp:post_id>3045</wp:post_id>
		<wp:post_date>2013-11-01 10:06:35</wp:post_date>
		<wp:post_date_gmt>2013-11-01 10:06:35</wp:post_date_gmt>
		<wp:comment_status>open</wp:comment_status>
		<wp:ping_status>open</wp:ping_status>
		<wp:post_name>interactive-banners-2</wp:post_name>
		<wp:status>inherit</wp:status>
		<wp:post_parent>2976</wp:post_parent>
		<wp:menu_order>0</wp:menu_order>
		<wp:post_type>attachment</wp:post_type>
		<wp:post_password></wp:post_password>
		<wp:is_sticky>0</wp:is_sticky>
		<wp:attachment_url>http://demo.qodeinteractive.com/elision/wp-content/uploads/2013/10/interactive-banners-2.jpg</wp:attachment_url>
		<wp:postmeta>
			<wp:meta_key>_wp_attached_file</wp:meta_key>
			<wp:meta_value><![CDATA[2013/10/interactive-banners-2.jpg]]></wp:meta_value>
		</wp:postmeta>
		<wp:postmeta>
			<wp:meta_key>_wp_attachment_metadata</wp:meta_key>
			<wp:meta_value><![CDATA[a:5:{s:5:"width";i:353;s:6:"height";i:199;s:4:"file";s:33:"2013/10/interactive-banners-2.jpg";s:5:"sizes";a:5:{s:9:"thumbnail";a:4:{s:4:"file";s:33:"interactive-banners-2-150x150.jpg";s:5:"width";i:150;s:6:"height";i:150;s:9:"mime-type";s:10:"image/jpeg";}s:6:"medium";a:4:{s:4:"file";s:33:"interactive-banners-2-300x169.jpg";s:5:"width";i:300;s:6:"height";i:169;s:9:"mime-type";s:10:"image/jpeg";}s:18:"menu-featured-post";a:4:{s:4:"file";s:33:"interactive-banners-2-345x198.jpg";s:5:"width";i:345;s:6:"height";i:198;s:9:"mime-type";s:10:"image/jpeg";}s:14:"shop_thumbnail";a:4:{s:4:"file";s:32:"interactive-banners-2-137x77.jpg";s:5:"width";i:137;s:6:"height";i:77;s:9:"mime-type";s:10:"image/jpeg";}s:12:"shop_catalog";a:4:{s:4:"file";s:33:"interactive-banners-2-250x140.jpg";s:5:"width";i:250;s:6:"height";i:140;s:9:"mime-type";s:10:"image/jpeg";}}s:10:"image_meta";a:10:{s:8:"aperture";i:0;s:6:"credit";s:0:"";s:6:"camera";s:0:"";s:7:"caption";s:0:"";s:17:"created_timestamp";i:0;s:9:"copyright";s:0:"";s:12:"focal_length";i:0;s:3:"iso";i:0;s:13:"shutter_speed";i:0;s:5:"title";s:0:"";}}]]></wp:meta_value>
		</wp:postmeta>
	</item>

	<item>
				<title>interactive-banners-4</title>
		<link>http://demo.qodeinteractive.com/elision/interactive-elements/interactive-banners-4/</link>
		<pubDate>Fri, 01 Nov 2013 10:06:37 +0000</pubDate>
		<dc:creator><![CDATA[admin]]></dc:creator>
		<guid isPermaLink="false">http://demo.qodeinteractive.com/elision/wp-content/uploads/2013/10/interactive-banners-4.jpg</guid>
		<description></description>
		<content:encoded><![CDATA[]]></content:encoded>
		<excerpt:encoded><![CDATA[]]></excerpt:encoded>
		<wp:post_id>3046</wp:post_id>
		<wp:post_date>2013-11-01 10:06:37</wp:post_date>
		<wp:post_date_gmt>2013-11-01 10:06:37</wp:post_date_gmt>
		<wp:comment_status>open</wp:comment_status>
		<wp:ping_status>open</wp:ping_status>
		<wp:post_name>interactive-banners-4</wp:post_name>
		<wp:status>inherit</wp:status>
		<wp:post_parent>2976</wp:post_parent>
		<wp:menu_order>0</wp:menu_order>
		<wp:post_type>attachment</wp:post_type>
		<wp:post_password></wp:post_password>
		<wp:is_sticky>0</wp:is_sticky>
		<wp:attachment_url>http://demo.qodeinteractive.com/elision/wp-content/uploads/2013/10/interactive-banners-4.jpg</wp:attachment_url>
		<wp:postmeta>
			<wp:meta_key>_wp_attached_file</wp:meta_key>
			<wp:meta_value><![CDATA[2013/10/interactive-banners-4.jpg]]></wp:meta_value>
		</wp:postmeta>
		<wp:postmeta>
			<wp:meta_key>_wp_attachment_metadata</wp:meta_key>
			<wp:meta_value><![CDATA[a:5:{s:5:"width";i:541;s:6:"height";i:304;s:4:"file";s:33:"2013/10/interactive-banners-4.jpg";s:5:"sizes";a:9:{s:9:"thumbnail";a:4:{s:4:"file";s:33:"interactive-banners-4-150x150.jpg";s:5:"width";i:150;s:6:"height";i:150;s:9:"mime-type";s:10:"image/jpeg";}s:6:"medium";a:4:{s:4:"file";s:33:"interactive-banners-4-300x168.jpg";s:5:"width";i:300;s:6:"height";i:168;s:9:"mime-type";s:10:"image/jpeg";}s:16:"portfolio-square";a:4:{s:4:"file";s:33:"interactive-banners-4-520x304.jpg";s:5:"width";i:520;s:6:"height";i:304;s:9:"mime-type";s:10:"image/jpeg";}s:18:"menu-featured-post";a:4:{s:4:"file";s:33:"interactive-banners-4-345x198.jpg";s:5:"width";i:345;s:6:"height";i:198;s:9:"mime-type";s:10:"image/jpeg";}s:20:"qode-carousel_slider";a:4:{s:4:"file";s:33:"interactive-banners-4-400x260.jpg";s:5:"width";i:400;s:6:"height";i:260;s:9:"mime-type";s:10:"image/jpeg";}s:16:"portfolio_slider";a:4:{s:4:"file";s:33:"interactive-banners-4-480x304.jpg";s:5:"width";i:480;s:6:"height";i:304;s:9:"mime-type";s:10:"image/jpeg";}s:14:"shop_thumbnail";a:4:{s:4:"file";s:32:"interactive-banners-4-137x76.jpg";s:5:"width";i:137;s:6:"height";i:76;s:9:"mime-type";s:10:"image/jpeg";}s:12:"shop_catalog";a:4:{s:4:"file";s:33:"interactive-banners-4-250x140.jpg";s:5:"width";i:250;s:6:"height";i:140;s:9:"mime-type";s:10:"image/jpeg";}s:11:"shop_single";a:4:{s:4:"file";s:33:"interactive-banners-4-520x292.jpg";s:5:"width";i:520;s:6:"height";i:292;s:9:"mime-type";s:10:"image/jpeg";}}s:10:"image_meta";a:10:{s:8:"aperture";i:0;s:6:"credit";s:0:"";s:6:"camera";s:0:"";s:7:"caption";s:0:"";s:17:"created_timestamp";i:0;s:9:"copyright";s:0:"";s:12:"focal_length";i:0;s:3:"iso";i:0;s:13:"shutter_speed";i:0;s:5:"title";s:0:"";}}]]></wp:meta_value>
		</wp:postmeta>
	</item>

	<item>
				<title>interactive-banners-5</title>
		<link>http://demo.qodeinteractive.com/elision/interactive-elements/interactive-banners-5/</link>
		<pubDate>Fri, 01 Nov 2013 10:06:37 +0000</pubDate>
		<dc:creator><![CDATA[admin]]></dc:creator>
		<guid isPermaLink="false">http://demo.qodeinteractive.com/elision/wp-content/uploads/2013/10/interactive-banners-5.jpg</guid>
		<description></description>
		<content:encoded><![CDATA[]]></content:encoded>
		<excerpt:encoded><![CDATA[]]></excerpt:encoded>
		<wp:post_id>3047</wp:post_id>
		<wp:post_date>2013-11-01 10:06:37</wp:post_date>
		<wp:post_date_gmt>2013-11-01 10:06:37</wp:post_date_gmt>
		<wp:comment_status>open</wp:comment_status>
		<wp:ping_status>open</wp:ping_status>
		<wp:post_name>interactive-banners-5</wp:post_name>
		<wp:status>inherit</wp:status>
		<wp:post_parent>2976</wp:post_parent>
		<wp:menu_order>0</wp:menu_order>
		<wp:post_type>attachment</wp:post_type>
		<wp:post_password></wp:post_password>
		<wp:is_sticky>0</wp:is_sticky>
		<wp:attachment_url>http://demo.qodeinteractive.com/elision/wp-content/uploads/2013/10/interactive-banners-5.jpg</wp:attachment_url>
		<wp:postmeta>
			<wp:meta_key>_wp_attached_file</wp:meta_key>
			<wp:meta_value><![CDATA[2013/10/interactive-banners-5.jpg]]></wp:meta_value>
		</wp:postmeta>
		<wp:postmeta>
			<wp:meta_key>_wp_attachment_metadata</wp:meta_key>
			<wp:meta_value><![CDATA[a:5:{s:5:"width";i:541;s:6:"height";i:304;s:4:"file";s:33:"2013/10/interactive-banners-5.jpg";s:5:"sizes";a:9:{s:9:"thumbnail";a:4:{s:4:"file";s:33:"interactive-banners-5-150x150.jpg";s:5:"width";i:150;s:6:"height";i:150;s:9:"mime-type";s:10:"image/jpeg";}s:6:"medium";a:4:{s:4:"file";s:33:"interactive-banners-5-300x168.jpg";s:5:"width";i:300;s:6:"height";i:168;s:9:"mime-type";s:10:"image/jpeg";}s:16:"portfolio-square";a:4:{s:4:"file";s:33:"interactive-banners-5-520x304.jpg";s:5:"width";i:520;s:6:"height";i:304;s:9:"mime-type";s:10:"image/jpeg";}s:18:"menu-featured-post";a:4:{s:4:"file";s:33:"interactive-banners-5-345x198.jpg";s:5:"width";i:345;s:6:"height";i:198;s:9:"mime-type";s:10:"image/jpeg";}s:20:"qode-carousel_slider";a:4:{s:4:"file";s:33:"interactive-banners-5-400x260.jpg";s:5:"width";i:400;s:6:"height";i:260;s:9:"mime-type";s:10:"image/jpeg";}s:16:"portfolio_slider";a:4:{s:4:"file";s:33:"interactive-banners-5-480x304.jpg";s:5:"width";i:480;s:6:"height";i:304;s:9:"mime-type";s:10:"image/jpeg";}s:14:"shop_thumbnail";a:4:{s:4:"file";s:32:"interactive-banners-5-137x76.jpg";s:5:"width";i:137;s:6:"height";i:76;s:9:"mime-type";s:10:"image/jpeg";}s:12:"shop_catalog";a:4:{s:4:"file";s:33:"interactive-banners-5-250x140.jpg";s:5:"width";i:250;s:6:"height";i:140;s:9:"mime-type";s:10:"image/jpeg";}s:11:"shop_single";a:4:{s:4:"file";s:33:"interactive-banners-5-520x292.jpg";s:5:"width";i:520;s:6:"height";i:292;s:9:"mime-type";s:10:"image/jpeg";}}s:10:"image_meta";a:10:{s:8:"aperture";i:0;s:6:"credit";s:0:"";s:6:"camera";s:0:"";s:7:"caption";s:0:"";s:17:"created_timestamp";i:0;s:9:"copyright";s:0:"";s:12:"focal_length";i:0;s:3:"iso";i:0;s:13:"shutter_speed";i:0;s:5:"title";s:0:"";}}]]></wp:meta_value>
		</wp:postmeta>
	</item>

	<item>
				<title>interactive-banners-3</title>
		<link>http://demo.qodeinteractive.com/elision/interactive-elements/interactive-banners-3/</link>
		<pubDate>Fri, 01 Nov 2013 10:06:38 +0000</pubDate>
		<dc:creator><![CDATA[admin]]></dc:creator>
		<guid isPermaLink="false">http://demo.qodeinteractive.com/elision/wp-content/uploads/2013/10/interactive-banners-3.jpg</guid>
		<description></description>
		<content:encoded><![CDATA[]]></content:encoded>
		<excerpt:encoded><![CDATA[]]></excerpt:encoded>
		<wp:post_id>3048</wp:post_id>
		<wp:post_date>2013-11-01 10:06:38</wp:post_date>
		<wp:post_date_gmt>2013-11-01 10:06:38</wp:post_date_gmt>
		<wp:comment_status>open</wp:comment_status>
		<wp:ping_status>open</wp:ping_status>
		<wp:post_name>interactive-banners-3</wp:post_name>
		<wp:status>inherit</wp:status>
		<wp:post_parent>2976</wp:post_parent>
		<wp:menu_order>0</wp:menu_order>
		<wp:post_type>attachment</wp:post_type>
		<wp:post_password></wp:post_password>
		<wp:is_sticky>0</wp:is_sticky>
		<wp:attachment_url>http://demo.qodeinteractive.com/elision/wp-content/uploads/2013/10/interactive-banners-3.jpg</wp:attachment_url>
		<wp:postmeta>
			<wp:meta_key>_wp_attached_file</wp:meta_key>
			<wp:meta_value><![CDATA[2013/10/interactive-banners-3.jpg]]></wp:meta_value>
		</wp:postmeta>
		<wp:postmeta>
			<wp:meta_key>_wp_attachment_metadata</wp:meta_key>
			<wp:meta_value><![CDATA[a:5:{s:5:"width";i:353;s:6:"height";i:199;s:4:"file";s:33:"2013/10/interactive-banners-3.jpg";s:5:"sizes";a:5:{s:9:"thumbnail";a:4:{s:4:"file";s:33:"interactive-banners-3-150x150.jpg";s:5:"width";i:150;s:6:"height";i:150;s:9:"mime-type";s:10:"image/jpeg";}s:6:"medium";a:4:{s:4:"file";s:33:"interactive-banners-3-300x169.jpg";s:5:"width";i:300;s:6:"height";i:169;s:9:"mime-type";s:10:"image/jpeg";}s:18:"menu-featured-post";a:4:{s:4:"file";s:33:"interactive-banners-3-345x198.jpg";s:5:"width";i:345;s:6:"height";i:198;s:9:"mime-type";s:10:"image/jpeg";}s:14:"shop_thumbnail";a:4:{s:4:"file";s:32:"interactive-banners-3-137x77.jpg";s:5:"width";i:137;s:6:"height";i:77;s:9:"mime-type";s:10:"image/jpeg";}s:12:"shop_catalog";a:4:{s:4:"file";s:33:"interactive-banners-3-250x140.jpg";s:5:"width";i:250;s:6:"height";i:140;s:9:"mime-type";s:10:"image/jpeg";}}s:10:"image_meta";a:10:{s:8:"aperture";i:0;s:6:"credit";s:0:"";s:6:"camera";s:0:"";s:7:"caption";s:0:"";s:17:"created_timestamp";i:0;s:9:"copyright";s:0:"";s:12:"focal_length";i:0;s:3:"iso";i:0;s:13:"shutter_speed";i:0;s:5:"title";s:0:"";}}]]></wp:meta_value>
		</wp:postmeta>
	</item>

	<item>
				<title>parallax01</title>
		<link>http://demo.qodeinteractive.com/elision/interactive-elements/parallax01/</link>
		<pubDate>Fri, 01 Nov 2013 10:32:08 +0000</pubDate>
		<dc:creator><![CDATA[admin]]></dc:creator>
		<guid isPermaLink="false">http://demo.qodeinteractive.com/elision/wp-content/uploads/2013/10/parallax01.jpg</guid>
		<description></description>
		<content:encoded><![CDATA[]]></content:encoded>
		<excerpt:encoded><![CDATA[]]></excerpt:encoded>
		<wp:post_id>3065</wp:post_id>
		<wp:post_date>2013-11-01 10:32:08</wp:post_date>
		<wp:post_date_gmt>2013-11-01 10:32:08</wp:post_date_gmt>
		<wp:comment_status>open</wp:comment_status>
		<wp:ping_status>open</wp:ping_status>
		<wp:post_name>parallax01</wp:post_name>
		<wp:status>inherit</wp:status>
		<wp:post_parent>2976</wp:post_parent>
		<wp:menu_order>0</wp:menu_order>
		<wp:post_type>attachment</wp:post_type>
		<wp:post_password></wp:post_password>
		<wp:is_sticky>0</wp:is_sticky>
		<wp:attachment_url>http://demo.qodeinteractive.com/elision/wp-content/uploads/2013/10/parallax01.jpg</wp:attachment_url>
		<wp:postmeta>
			<wp:meta_key>_wp_attached_file</wp:meta_key>
			<wp:meta_value><![CDATA[2013/10/parallax01.jpg]]></wp:meta_value>
		</wp:postmeta>
		<wp:postmeta>
			<wp:meta_key>_wp_attachment_metadata</wp:meta_key>
			<wp:meta_value><![CDATA[a:5:{s:5:"width";i:1920;s:6:"height";i:750;s:4:"file";s:22:"2013/10/parallax01.jpg";s:5:"sizes";a:10:{s:9:"thumbnail";a:4:{s:4:"file";s:22:"parallax01-150x150.jpg";s:5:"width";i:150;s:6:"height";i:150;s:9:"mime-type";s:10:"image/jpeg";}s:6:"medium";a:4:{s:4:"file";s:22:"parallax01-300x117.jpg";s:5:"width";i:300;s:6:"height";i:117;s:9:"mime-type";s:10:"image/jpeg";}s:5:"large";a:4:{s:4:"file";s:23:"parallax01-1024x400.jpg";s:5:"width";i:1024;s:6:"height";i:400;s:9:"mime-type";s:10:"image/jpeg";}s:16:"portfolio-square";a:4:{s:4:"file";s:22:"parallax01-520x520.jpg";s:5:"width";i:520;s:6:"height";i:520;s:9:"mime-type";s:10:"image/jpeg";}s:18:"menu-featured-post";a:4:{s:4:"file";s:22:"parallax01-345x198.jpg";s:5:"width";i:345;s:6:"height";i:198;s:9:"mime-type";s:10:"image/jpeg";}s:20:"qode-carousel_slider";a:4:{s:4:"file";s:22:"parallax01-400x260.jpg";s:5:"width";i:400;s:6:"height";i:260;s:9:"mime-type";s:10:"image/jpeg";}s:16:"portfolio_slider";a:4:{s:4:"file";s:22:"parallax01-480x320.jpg";s:5:"width";i:480;s:6:"height";i:320;s:9:"mime-type";s:10:"image/jpeg";}s:14:"shop_thumbnail";a:4:{s:4:"file";s:21:"parallax01-137x53.jpg";s:5:"width";i:137;s:6:"height";i:53;s:9:"mime-type";s:10:"image/jpeg";}s:12:"shop_catalog";a:4:{s:4:"file";s:21:"parallax01-250x97.jpg";s:5:"width";i:250;s:6:"height";i:97;s:9:"mime-type";s:10:"image/jpeg";}s:11:"shop_single";a:4:{s:4:"file";s:22:"parallax01-520x203.jpg";s:5:"width";i:520;s:6:"height";i:203;s:9:"mime-type";s:10:"image/jpeg";}}s:10:"image_meta";a:10:{s:8:"aperture";i:0;s:6:"credit";s:0:"";s:6:"camera";s:0:"";s:7:"caption";s:0:"";s:17:"created_timestamp";i:0;s:9:"copyright";s:0:"";s:12:"focal_length";i:0;s:3:"iso";i:0;s:13:"shutter_speed";i:0;s:5:"title";s:0:"";}}]]></wp:meta_value>
		</wp:postmeta>
	</item>

</channel>
</rss>
